調査日,ブランド,カテゴリー,プラットフォーム,URL,尺,フォーマット,映像表現手法,BGM_音楽,キャスト,トレンドタグ
2026-05-12,COSME DECORTE,スキンケア（美容液）,YouTube,https://www.youtube.com/watch?v=LqRiJhNfW5E,30秒,TVCM,"大谷翔平「デコルテポーズ」再現シリーズ新CM。「未来を約束する一滴。」コピー。成分CG×タレントクローズアップ。売上4倍効果継続中",オーケストラ調,大谷翔平,"スキンケア メンズ影響力 タレント 2026 美容液"
2026-05-12,COSME DECORTE,スキンケア（美容液）,YouTube,https://www.youtube.com/watch?v=CX56m5W10Kg,15秒,TVCM,"大谷翔平ウィンク・髪かき上げ仕草で「自分が満たされる」内面充足訴求。短尺でもキャラクター力を最大化する演出",BGM不明,大谷翔平,"内面充足 メンズ影響力 美容液 コスメデコルテ 2026"
2026-05-12,FANCL,スキンケア（無添加）,YouTube,https://www.youtube.com/watch?v=CwD-jSISsKw,メイキング,メイキング動画,"toiroシリーズCM撮影舞台裏。杉咲花がそばかすへの前向きな想いを語るBTS映像。素肌肯定訴求のブランド哲学をリアルに体現",BGM不明,杉咲花,"無添加 素肌肯定 toiro メイキング ファンケル"
2026-05-12,innisfree,K-beautyスキンケア,YouTube,https://www.youtube.com/watch?v=Qta28tEX5JM,30秒,プロモーション動画,"IVEウォニョン起用「グリーンティーシードヒアルロンセラム」。ナチュラルグリーン背景×成分テキスト表示。ゆらぎにくい肌訴求",K-POPサウンド,IVE ウォニョン,"K-beauty K-POP アンバサダー 成分訴求 ゆらぎ肌 イニスフリー"
2026-05-12,innisfree,K-beautyスキンケア,YouTube,https://www.youtube.com/watch?v=281TmEH2h3c,30秒,プロモーション動画,"IVEウォニョン起用 導入美容液「塗るたび潤う」。ルーティン訴求で継続使用を促進。K-beautyスキンケア習慣化提案",K-POPサウンド,IVE ウォニョン,"K-beauty 導入美容液 習慣化 ルーティン ウォニョン"
2026-05-12,資生堂,スキンケア（機能性化粧水）,YouTube,https://www.youtube.com/watch?v=ySuFGvs58Z0,15秒,TVCM（シーズナル）,"dプログラム「花粉の季節」篇。花粉シーズン限定訴求。敏感肌×シーズナルマーケティングの先進事例。2026年2月公開",軽快BGM,なし,"dプログラム 敏感肌 シーズナル 花粉 スキンケア 2026"
2026-05-12,資生堂,スキンケア（機能性化粧水）,YouTube Shorts,https://www.youtube.com/shorts/jqnd_l2uPKU,15秒,縦型TVCM,"dプログラム「花粉の季節」篇 縦型Shorts版。横型TVCMと縦型Shortsの同時展開マルチフォーマット戦略。2026年2月公開",軽快BGM,なし,"dプログラム 縦型 Shorts 敏感肌 マルチフォーマット 2026"
2026-05-12,資生堂,メンズスキンケア,YouTube,https://www.youtube.com/watch?v=2CrR0jvxspQ,30秒,TVCM,"SHISEIDO MEN 新アルティミューン「選んだ道」篇。反町隆史×松嶋菜々子夫婦のリアリティある演出でメンズスキンケア格上げ路線継続",シリアスBGM,反町隆史,"メンズコスメ 夫婦キャスト SHISEIDO MEN アルティミューン 格上げ"
2026-05-12,資生堂,ブランドムービー,YouTube,https://www.youtube.com/watch?v=JuzqNzAebiM,60秒,ブランドムービー,"石田ゆり子・池田エライザ出演「みんな、いい顔してる。」。異なる世代・個性の女優並列起用でダイバーシティ訴求",感動系BGM,"石田ゆり子, 池田エライザ","ダイバーシティ 複数キャスト 素肌 ブランドムービー 資生堂"
2026-05-12,資生堂,メイクハウツー,YouTube,https://www.youtube.com/watch?v=mo7lfUYcmCw,5分超,エデュテイメント動画,"2026年春夏最新トレンド「ケミメイク」をプロが解説。儚さ×色気の融合メイク。広告ではなくコンテンツで購買意欲を高めるエデュテイメント戦略。2026年3月公開",BGM不明,資生堂ヘアメイクアップアーティスト,"ケミメイク 2026トレンド エデュテイメント 解説動画 春夏"
2026-05-12,資生堂,メイクハウツー,YouTube,https://www.youtube.com/watch?v=cu17M-a8j2Q,5分超,エデュテイメント動画（大人世代向け）,"「ケミメイク」大人世代篇。甘さ×洗練をキーワードに40代以上向けトレンドメイク解説。年代別コンテンツ細分化戦略。2026年3月公開",BGM不明,資生堂ヘアメイクアップアーティスト,"ケミメイク 大人メイク 年代別コンテンツ エデュテイメント 2026"
2026-05-12,POLA,ボディケア,YouTube,https://www.youtube.com/watch?v=XMq3nqbwKec,90秒,ブランドムービー,"「From Loss To Beauty 失われるものを美しさに変えていく」クリアボディスムージー。欠如からの美的転換という哲学的コピー。スキンケア外カテゴリーへの進出。2026年1月公開",感動系BGM,なし,"ボディケア 哲学コピー ブランドムービー 2026 POLA"
2026-05-12,POLA,エステ,YouTube,https://www.youtube.com/watch?v=byPPlf7iIo0,60秒,プロモーション動画,"「さあ、顔を上げよう。超・手技主義。」エステティシャンの手技を映像で前面化。2025年8月新サービス開始訴求。施術映像でリアル体験価値を伝達",感動系BGM,エステティシャン（一般人）,"エステ 手技 施術映像 体験訴求 リアル 2025"
2026-05-12,KANEBO,ブランドムービー,YouTube,https://www.youtube.com/watch?v=Le23TammN8k,60秒,ブランドムービー,"「化粧品よ、TAISHI（大志）を抱け。」60秒版。化粧品カテゴリー全体の可能性と挑戦を宣言するコンセプト映像。2025年9月公開",ドラマチックBGM,なし（コンセプト映像）,"ブランドムービー 大志 挑戦 カテゴリー訴求 KANEBO 2025"
2026-05-12,SK-II,スキンケア,YouTube,https://www.youtube.com/watch?v=gAamafcB6gI,90秒,ブランドムービー（マルチキャスト）,"桃井かおり・綾瀬はるか・永野芽郁の3世代女優が登場。世代を超えた素肌への自信訴求の連鎖を映像化。2024年6月公開",オーケストラ系,"桃井かおり, 綾瀬はるか, 永野芽郁","3世代 マルチキャスト 素肌自信 PITERA SK-II 2024"
2026-05-12,SK-II,スキンケア,YouTube,https://www.youtube.com/watch?v=HxSDJPwMO54,30秒,TVCM（アンバサダー就任）,"永野芽郁 新グローバルアンバサダー就任CM。真っ赤なドレスで素肌大写しにするコントラスト演出。グローバルブランドの日本顔選定戦略",エレガントBGM,永野芽郁,"グローバルアンバサダー 素肌 SK-II 永野芽郁 グローバル展開"
2026-05-12,ELIXIR,スキンケア（シワ改善）,YouTube,https://www.youtube.com/watch?v=ixnsNdoauBg,15秒,TVCM,"レチノパワー リンクルクリーム「シワ原因」篇。医薬部外品シワ改善クリームの効果機序をCGで可視化訴求。2025年9月公開",軽快BGM,石田ゆり子,"シワ改善 レチノール 医薬部外品 CGアニメ 成分訴求 2025"
2026-05-12,ELIXIR,スキンケア（美白）,YouTube,https://www.youtube.com/watch?v=Iv9_dq0JHpw,15秒,TVCM（シーズナル）,"ブライトニング ローション「浴衣」篇。夏シーズン浴衣シーン×美白化粧水の季節連動訴求。シーズナルマーケティング。2025年6月公開",和風BGM,石田ゆり子,"美白 エイジングケア シーズナル 浴衣 夏 2025"
2026-05-12,ANESSA,UV（金ミルク）,YouTube,https://www.youtube.com/watch?v=Jx-HEpoZp-I,30秒,TVCM,"ANESSA × XG「これが、パーフェクトUV」金ミルク篇。XG7人のダンス×最強UV訴求。グローバルガールズグループ起用でUVカテゴリー格上げ",IS THIS LOVE（XG）,XG,"XG UV グローバル ダンス グループガール 2025"
2026-05-12,ANESSA,UV（金ジェル）,YouTube,https://www.youtube.com/watch?v=XLCZANAA1uc,30秒,TVCM,"ANESSA × XG「とけあうハーモニー」金ジェル篇。金ミルク・金ジェルの2製品展開でXGを複数CM同時起用する並走戦略",IS THIS LOVE（XG）,XG,"XG UV ジェル ダンス 複数製品展開 2025"
2026-05-12,ANESSA,UV（モイスチャージェル）,YouTube,https://www.youtube.com/watch?v=jxTpz5map7Y,30秒,TVCM,"ANESSA × 長澤まさみ「使うたび、肌がきれいに。」モイスチャージェル篇。XGとは別に長澤まさみも継続起用する複数アンバサダー並走戦略。2026年2月公開",爽やかBGM,長澤まさみ,"UV 複数アンバサダー 長澤まさみ 2026 スキンケア効果訴求"
2026-05-12,ORBIS,メンズスキンケア,YouTube,https://www.youtube.com/watch?v=lux2GE5nh54,3分,ブランドムービー,"ORBIS × s**t kingz「Harmony and Identity」。人気ダンサー集団s**t kingzとのコラボでメンズスキンケアを哲学的に表現。ダンス×アイデンティティ訴求の新手法",エレクトロニック,s**t kingz,"メンズコスメ ダンスコラボ ブランドムービー アイデンティティ ORBIS Mr."
2026-05-12,Laneige,K-beautyスキンケア,YouTube,https://www.youtube.com/watch?v=LZ7i51U8ZT8,60秒,プロモーション動画,"BTS JIN × Laneige Cream Skin Lab。JIN起用のK-pop×スキンケアグローバル訴求。Cream Skin Labシリーズの世界展開を体現。2024年10月公開",K-POPサウンド,BTS JIN,"K-beauty BTS JIN グローバル Cream Skin スキンケア 2024"
2026-05-12,Laneige,K-beautyベースメイク,YouTube,https://www.youtube.com/watch?v=9ZCMQL111PQ,60秒,プロモーション動画,"NEO CUSHION MEWY「素肌そのものが美肌になったような唯一ミュイ」。クッションファンデ競合差別化訴求。固有概念「ミュイ」で新カテゴリー想起。2025年6月公開",K-POPサウンド,K-POPタレント,"クッションファンデ K-beauty 素肌感 NEO CUSHION 2025"
2026-05-12,CeraVe,スキンケア（保湿）,YouTube,https://www.youtube.com/watch?v=ENwdMOOZMhw,30秒,グローバルCM,"Intensive Moisturizing Lotion「It's Me, Your Dry Skin」。乾燥肌が語りかける擬人化ユーモアコミュニケーション。一人称広告フォーマットが日本市場でも認知拡大。2025年11月公開",ユーモラスBGM,なし（擬人化コンセプト）,"グローバルCM 擬人化 乾燥肌 ユーモア 保湿 CeraVe 2025"
2026-05-12,CeraVe,スキンケア（洗顔）,YouTube,https://www.youtube.com/watch?v=KWVV5IyeOA8,30秒,グローバルCM,"Balancing Air Foam Cleanser「It's Me, Your Combination Skin」。混合肌擬人化シリーズ継続。統一フォーマットで複数製品展開しブランド認知構築。2025年8月公開",ユーモラスBGM,なし（擬人化コンセプト）,"グローバルCM 擬人化 混合肌 洗顔 ユーモア CeraVe 2025"
2026-05-12,LUX（ユニリーバ）,ヘアケア,YouTube Shorts,https://www.youtube.com/shorts/InaxElZAkfg,30秒,縦型TVCM,"「かかってこい、ダメージ。」篇。挑発的コピー×縦型Shortsで若年層リーチ。スーパーリッチシャイン リニューアル訴求。2025年3月公開",エネルギッシュBGM,女性モデル,"ヘアケア 縦型Shorts ダメージケア 挑発コピー LUX 2025"
2026-05-12,LUX（ユニリーバ）,ヘアケア,YouTube Shorts,https://www.youtube.com/shorts/eIz6DB6hcP8,30秒,縦型TVCM（リニューアル告知）,"スーパーリッチシャイン ダメージリペアシリーズ リニューアルCM。製品リニューアルをShortsで素早く告知するアジャイル展開。2025年9月公開",エネルギッシュBGM,女性モデル,"ヘアケア 縦型Shorts リニューアル ダメージリペア LUX 2025"
2026-05-12,LUX（ユニリーバ）,ヘアケア,YouTube,https://www.youtube.com/watch?v=-CI5cEzBbfg,60秒,TVCM（グローバルアンバサダー就任）,"アン・ハサウェイ新ブランドアンバサダー就任CM。ハリウッドスター起用でヘアケアカテゴリーのプレミアム化戦略を推進。スーパーリッチシャインのリニューアルと連動",エレガントBGM,Anne Hathaway（アン・ハサウェイ）,"ヘアケア グローバルアンバサダー ハリウッド プレミアム化 LUX"
2026-05-12,花王,フレグランス（柔軟剤）,YouTube,https://www.youtube.com/watch?v=KDhrO-5VKVk,30秒,TVCM,"フレア フレグランス。石原さとみのストレッチシーンで体の動きと香りを連動させた表現。日常生活のシーンに香りを溶け込ませるライフスタイル訴求",フローラル系BGM,石原さとみ,"フレグランス 香り 柔軟剤 ライフスタイル 石原さとみ 花王"
2026-05-13,KATE,メイクアップ（リップ）,YouTube,https://www.youtube.com/watch?v=92Ib2zwS3Ik,30秒,TVCM,"「リップモンスター クリスタルポッド」30秒版。中条あやみ起用。クリスタル質感×透明ツヤ感という新製品フォーマット展開。2025年10月発売連動CM",不明,中条あやみ,"リップモンスター クリスタルポッド KATE リップ ツヤ 2025"
2026-05-13,KATE,メイクアップ（リップ）,YouTube,https://www.youtube.com/watch?v=lV6x_oe7TqQ,15秒,TVCM（短尺）,"「リップモンスター クリスタルポッド」15秒版。30秒と同時展開のマルチ尺戦略で広告接触機会を最大化",不明,中条あやみ,"リップモンスター 短尺 15秒 KATE クリスタルポッド 2025"
2026-05-13,KANEBO,ブランドムービー,YouTube,https://www.youtube.com/watch?v=hxCpR_oMqV0,30秒,TVCM（ブランドコンセプト短尺）,"「人は、強い。人は、何度でも立ち上がる。だからこそ、美しい。」大志コンセプトCM30秒版。60秒版と同時展開マルチフォーマット戦略。2025年9月公開",ドラマチックBGM,なし（コンセプト映像）,"大志 30秒 マルチフォーマット KANEBO ブランドムービー 2025"
2026-05-13,KANEBO,ブランドムービー,YouTube,https://www.youtube.com/watch?v=QeSWCu5g9O0,60秒超,ブランドムービー（100人超集団出演）,"「私たちは化粧品を売っているのではない。希望を売っている。」100人超の集団出演映像×「唇よ、熱く君を語れ」少年少女合唱アレンジ。YouTube Works Awards 2025 Force for Good部門受賞。2025年1月9日放映開始","唇よ、熱く君を語れ（少年少女合唱アレンジ）","中島セナ（主演）+100人以上","I HOPE 希望 集団キャスト 合唱 大規模CM KANEBO 2025 賞受賞"
2026-05-13,KANEBO,スキンケア（美容液）,YouTube,https://www.youtube.com/watch?v=WKvDkro68Ys,30秒,TVCM（製品訴求）,"「I HOPE. 希望の美容液」篇。ブランドCM「I HOPE.」哲学を製品訴求へ展開。希望コンセプトを美容液カテゴリーへ落とし込むブランド縦断戦略",不明,不明,"I HOPE 希望 美容液 製品訴求 ブランド縦断展開 KANEBO 2025"
2026-05-13,KANEBO（DEW）,スキンケア,YouTube,https://www.youtube.com/watch?v=jwV5f4yWL-g,30秒,TVCM（ブランドリポジション）,"DEW「私は欲しがり」篇。田中みな実新ミューズ起用。「欲しがること」を肯定する挑発的コピーでブランドリポジション。価値観共鳴型コミュニケーション戦略",不明,田中みな実,"DEW 欲しがり 自己肯定 挑発コピー ブランドリポジション 田中みな実 KANEBO"
2026-05-13,POLA,スキンケア（プレミアム）,YouTube,https://www.youtube.com/watch?v=jyzvg5Mm1a0,60秒超,ブランドムービー（哲学的訴求）,"「時間は、存在しない。」B.A第7世代ブランドCM。過去・現在という時間概念を超越した自分史上最高の肌を追求する哲学的世界観訴求。2025年8月28日公開・9月1日新製品発売連動",感動系BGM,なし,"B.A 第7世代 哲学 時間超越 エイジングケア POLA 2025"
2026-05-13,POLA,スキンケア（プレミアム）,YouTube,https://www.youtube.com/watch?v=Y37zMvJ0Jh0,30秒,TVCM（製品効果訴求）,"「未踏の、B.A。全域ハリ。」篇。B.A第7世代の全域ハリ効果を製品映像で具体的に訴求。哲学ブランドCMとの並走で情緒+機能の二軸コミュニケーション",感動系BGM,なし,"B.A 全域ハリ 製品訴求 エイジングケア POLA 2025"
2026-05-13,Dr.Ci:Labo,スキンケア（機能性）,YouTube,https://www.youtube.com/watch?v=WyPpZZl9dFw,90秒超,ブランドムービー（リニューアル）,"「肌に、人生に、もっともっと。可能性、リミットレス。」新ブランドムービー全編。穂志もえか新アンバサダー就任。ブランドフィロソフィー再定義を長尺で丁寧に伝達。2025年2月公開",感動系BGM,穂志もえか（新ブランドアンバサダー）,"ブランドムービー 新アンバサダー リミットレス 可能性 ブランドリニューアル Dr.CiLabo 2025"
2026-05-13,Dr.Ci:Labo,スキンケア（美容液）,YouTube,https://www.youtube.com/watch?v=2DuC6DNXUPs,30秒,TVCM（製品訴求）,"新VC100エッセンスローションEX「透明感、リミットレス。」篇。穂志もえかのクリアな素肌映像×ビタミンC成分訴求TVCM。2025年2月25日TV放映開始",不明,穂志もえか,"ビタミンC 透明感 リミットレス 素肌映像 TVCM Dr.CiLabo 穂志もえか 2025"
2026-05-13,ORBIS,UV・スキンケア（機能性複合）,YouTube Shorts,https://www.youtube.com/shorts/tRNmH397ke0,30秒以内,縦型Shorts（新製品発売告知）,"「紫外線最強時代のシワ改善・美白UV」。UV照射でプロテクト膜を自動強化するInstant Auto Defense Technology機能訴求。縦型Shortsで新製品発売を即拡散。2026年2月20日発売連動・3月公開",不明,なし,"UV シワ改善 医薬部外品 機能性UV 縦型Shorts 発売告知 ORBIS 2026"
2026-05-13,Medicube（メディキューブ）,スキンケア（美容液・美顔器）,YouTube,https://www.youtube.com/watch?v=aQMPnhPivAA,60秒,グローバルCM（NYロケ・演劇的演出）,"「MeMe in N.Y.」篇。Snow Man目黒蓮グローバルアンバサダー就任CM。NYタイムズスクエア大型ビジョンに映る自分と対話する「Are You Ready?」仕掛け演出。全編英語ナレーション。2026年2月23日公開",英語ポップBGM,目黒蓮（Snow Man）,"グローバルCM メンズコスメ K-beauty タイムズスクエア 全英語 Snow Man Medicube 2026"
2026-05-13,Medicube（メディキューブ）,スキンケア（美容液・美顔器）,YouTube Shorts,https://www.youtube.com/shorts/_Twl2PJqNFc,30秒以内,縦型Shorts（グローバルCM続編）,"「MeMe in N.Y.」続編Shorts版。グローバルCMコンテンツの縦型マルチフォーマット展開。K-beautyブランドの日本攻略における横型CM+縦型Shorts同時展開モデルの好事例",英語ポップBGM,目黒蓮（Snow Man）,"Shorts 縦型続編 K-beauty グローバル マルチフォーマット Snow Man Medicube 2026"
2026-05-13,PANTENE（P&G）,ヘアケア,YouTube,https://www.youtube.com/watch?v=NrbgrYQ2g_Y,30秒,TVCM（キャラクター設定型）,"「朝の髪、任せて。」パンテーンスタイリスト二宮和也篇。タレントをカリスマ美容師キャラクターとして固定設定し「寝ている間もサロン級ケア」を訴求。キャラクター化によるシリーズ展開基盤構築。2025年6月公開",サロン系BGM,二宮和也（嵐）,"ヘアケア カリスマ美容師 キャラクター型 嵐 二宮和也 PANTENE P&G 2025"
2026-05-13,PANTENE（P&G）,ヘアケア（高密度ケア）,YouTube,https://www.youtube.com/watch?v=rSgDLFHgSHw,30秒,TVCM（製品ライン拡張）,"「超濃パンテーン ハイダメージ髪に。」篇。カリスマ美容師キャラクター二宮和也を継続起用した高機能製品ラインへの横展開CM。キャラクター定着後のシリーズ拡張戦略。2025年10月公開",エネルギッシュBGM,二宮和也（嵐）,"ヘアケア ハイダメージ 濃密ケア 製品ライン拡張 キャラクター継続 嵐 PANTENE 2025"
2026-05-13,SUQQU（スック）,メイクアップ（デパコス）,YouTube Shorts,https://www.youtube.com/shorts/lCNrXtSKyJU,60秒以内,縦型Shorts（ホリデーコフレ告知）,"2025ホリデーコレクション「光の恍惚」テーマのShortsプロモーション。高価格帯デパコスブランドがYouTube Shorts活用でホリデーコフレを若年層へ訴求する新客接点獲得戦略",ホリデーBGM,なし,"SUQQU デパコス ホリデー クリスマスコフレ 縦型Shorts 若年層獲得 高価格帯 2025"
2026-05-13,Yunth（ユンス）,スキンケア（美白美容液）,YouTube,https://www.youtube.com/watch?v=dceDiAPI5wI,30秒,TVCM（グローバルスター起用）,"「君の肌に」篇。BTS Vが日本スキンケアブランドYunthの日本初単独CM出演。日本語セリフ「完璧です」に挑戦。日本ブランド×K-POPグローバルスター起用のハイブリッド戦略。2025年11月13日TV放映開始",エレガントBGM,BTS V（テテ）,"スキンケア 美白 BTS K-POPスター 日本語セリフ 日本初単独CM Yunth 2025"
2026-05-13,Yunth（ユンス）,スキンケア（美白美容液）,YouTube,https://www.youtube.com/watch?v=y527qOskYRk,メイキング,メイキング動画（スター連動コンテンツ）,"BTS V×Yunth「君の肌に」CMメイキング。V本人の撮影裏話×日本語練習シーンでファンエンゲージメントを最大化。CM本編と同時公開するファン向け複合コンテンツ戦略の好事例",エレガントBGM,BTS V（テテ）,"メイキング BTS K-POPファン向け エンゲージメント 撮影裏話 コンテンツ複合 Yunth 2025"
2026-05-13,資生堂,ウェルネス（インナービューティ）,YouTube,https://www.youtube.com/watch?v=MkbFCQC38bo,60秒,ブランドムービー（新カテゴリー参入）,"SHISEIDO BEAUTY WELLNESS「美しい、は生きている」篇。資生堂が津村漢方・カゴメと協業し「インナービューティ」新カテゴリーへ参入。内面から美を育む全く新しい美容提案CM。2024年1月公開",感動系BGM,なし,"インナービューティ ウェルネス 新カテゴリー 異業種協業 SHISEIDO BEAUTY WELLNESS 資生堂 2024"
2026-05-13,Yunth（ユンス）,スキンケア（美白美容液）,YouTube,https://www.youtube.com/watch?v=Hn9q6iS1DzI,15秒,TVCM（短尺）,"「君の肌に」篇15秒版。BTS V起用CM本編30秒と同時展開の短尺フォーマット。30秒+15秒+メイキングの3点セットコンテンツ展開でK-POPファンへの多面的接触を実現",エレガントBGM,BTS V（テテ）,"スキンケア BTS 短尺 15秒 マルチ尺 K-POPスター Yunth 2025"

# 未探索メモ 2026-05-13:
# 【次回優先調査】
# 1. COSRX 日本公式YouTubeチャンネルの具体的CM動画URL発掘（TikTokキャンペーン連動含む）
# 2. Haruharu Wonder 日本向け具体的YouTube/TikTok動画URL確認（公式チャンネル投稿状況）
# 3. ALBION スキンケア最新CM：ブランド誕生70周年（2026年）連動映像詳細確認
# 4. THREE cosmetics YouTube最新プロモーション動画URL（2026 SS「SCENTS OF DISTANCE」）
# 5. ETVOS 2026 SS「TWIN CHARM」コレクション公式プロモーション動画URL確認
# 6. JILL STUART Beauty 2026春「Story of Fragrances」コレクション映像URL
# 7. rom&nd日本公式インスタグラムReels最新動画URL発掘（新プラットフォーム調査）
# 8. TikTok Shop コスメライブコマース具体的事例：MilleFée等の動画URL発掘
# 9. SUQQU 2026春コレクション「桜梅桃李」プロモーション動画URL
# 10. KANEBO「希望よ、超えてゆけ。」CM（https://www.youtube.com/watch?v=l42nyn7hZUw）キャスト・公開日・内容詳細確認
# 11. MISSHA JAPAN YouTube最終投稿日確認（休眠・低活性状態の定量把握）
# 12. Medicube 目黒蓮 第3弾以降CM URL追跡（https://www.youtube.com/shorts/SbpaSNZph6g等）
# 13. SHISEIDO MEN 新アルティミューン「あなたは、変わらない。」2025年7月公開CM YouTubeURL確認
# 14. Yunth 武井咲旧プロモーション映像（https://www.youtube.com/watch?v=5BuC1niQdsg）内容確認・BTS V起用との比較分析
# 15. VTuber起用コスメブランドCM具体事例：星ノ樹コフレ等のコスメ系VTuberコラボ動画URL発掘
2026-05-15,KANEBO,ブランドムービー,YouTube,https://www.youtube.com/watch?v=l42nyn7hZUw,60秒,TVCM,"「希望よ、超えてゆけ。」篇。多様な人々が様々な鏡に向かいメイクをする集団演出。1979年カネボウCM楽曲「君は薔薇より美しい」を橘慶太（w-inds.）がアレンジ歌唱。バスルームや車窓など多様な鏡の前で化粧する瞬間を連ね自己表現の高揚感を描く。2023年1月放映開始","君は薔薇より美しい（橘慶太 w-inds.アレンジ歌唱）","橘慶太（w-inds.）歌唱・中島セナほか多数","希望 多様性 鏡 集団演出 自己表現 KANEBO 2023 未探索メモ確認済"
2026-05-15,KANEBO,ブランドムービー,YouTube,https://www.youtube.com/watch?v=8hWFuL8omTg,60秒,WebCM,"「生きることは、いつだって途中だ。」篇。Superfly越智志帆が41歳の現在・過去・未来の自分と共存するエイジング哲学WebCM。化粧品をエイジングへの前向きパートナーとして描く。出演・楽曲歌唱・ナレーションをすべて担当。2026年1月1日配信開始","Superfly「唇よ、熱く君を語れ」",Superfly越智志帆,"エイジング 哲学 Superfly 41歳 WebCM KANEBO 2026 シングルキャスト"
2026-05-15,KANEBO,メイクアップ（リップ）,YouTube,https://www.youtube.com/watch?v=DEVrXP9Ztw0,30秒,TVCM（製品訴求）,"「I HOPE. 希望の口紅」篇。KANEBO「I HOPE」ブランドムービーコンセプトをリップ製品訴求へ展開。希望コンセプトをメイクアップカテゴリーへ横断拡張するブランド縦断戦略",不明,不明,"I HOPE 希望の口紅 リップ 製品訴求 ブランド縦断展開 KANEBO"
2026-05-15,資生堂,メンズスキンケア,YouTube,https://www.youtube.com/watch?v=IQXtvPKoEHc,30秒,TVCM,"SHISEIDO MEN 新アルティミューン「あなたは、変わらない。」篇 30秒。2025年7月2日公開・7月21日新製品発売連動。3種の薬用有効成分配合リニューアル品の新クリエイティブ。既存「選んだ道」篇と同製品の別訴求軸展開",シリアスBGM,不明,"メンズスキンケア SHISEIDO MEN アルティミューン 新CM 2025 リニューアル 未探索メモ確認済"
2026-05-15,資生堂,メンズスキンケア,YouTube,https://www.youtube.com/watch?v=Mrkc1EnloZQ,15秒,TVCM（短尺）,"SHISEIDO MEN 新アルティミューン「あなたは、変わらない。」篇 15秒。30秒TVCMと同時展開のマルチ尺戦略。2025年7月2日公開",シリアスBGM,不明,"メンズスキンケア 短尺 15秒 SHISEIDO MEN アルティミューン 2025"
2026-05-15,資生堂,メンズスキンケア,YouTube,https://www.youtube.com/watch?v=UBAWuj30xgU,メイキング,メイキング動画,"SHISEIDO MEN 新アルティミューン「あなたは、変わらない。」篇 メイキング。30秒・15秒・6秒・縦型と4形式同時公開のCM群に加えメイキングも公開。情緒的接触を補完する複合コンテンツ戦略。2025年7月2日公開",不明,不明,"メンズスキンケア メイキング 4形式 複合コンテンツ SHISEIDO MEN 2025"
2026-05-15,資生堂,メンズスキンケア,YouTube Shorts,https://www.youtube.com/shorts/qurM8xWA3X8,15秒,縦型TVCM,"SHISEIDO MEN 新アルティミューン「あなたは、変わらない。」篇 縦型15秒。横型30秒・15秒・6秒・縦型・メイキングの5形式同時展開マルチフォーマット完全体戦略。2025年7月2日公開",シリアスBGM,不明,"メンズスキンケア 縦型Shorts 5形式 マルチフォーマット 完全体 SHISEIDO MEN 2025"
2026-05-15,ANUA,K-beautyスキンケア,YouTube,https://www.youtube.com/watch?v=mff7uHjxJFI,30秒,TVCM,"大橋和也（なにわ男子）初のバーテンダー役でAnua PDRNヒアルロン酸カプセル100セラムを訴求。「今日はどないしたん？」と大阪弁で女性の肌悩みに寄り添うキャラクター設定型CM。2025年10月15日地上波TV・TVerほか放映開始","爽やかポップBGM","大橋和也（なにわ男子）","K-beauty なにわ男子 ジャニーズ バーテンダー キャラクター設定 ANUA PDRN セラム 2025"
2026-05-15,資生堂,スキンケア（美白）,YouTube,https://www.youtube.com/watch?v=ytc1gyYRmvA,30秒,TVCM,"HAKU 薬用美白美容液 メラノフォーカスIV TVCM。21年連続売上No.1の10代目リニューアル品。4MSK・m-トラネキサム酸・グリチルリチン酸ジカリウム3成分配合でシミ・そばかす・肌あれ防止訴求。2025年2月21日発売連動CM",不明,不明,"美白 HAKU シミ 医薬部外品 メラノフォーカスIV 10代目 21年連続No.1 リニューアル 2025"
2026-05-15,資生堂,スキンケア（美白）,YouTube Shorts,https://www.youtube.com/shorts/LI660vYAYF8,30秒以内,縦型Shorts（新カテゴリー訴求）,"HAKU 日中美白美容液UV「1本4役」。UV防御・美白ケア・保湿ケア・化粧下地の複合機能UV新製品を縦型Shortsで訴求。UV×美白という新複合カテゴリーを創造するイノベーション戦略",不明,なし,"UV 美白 1本4役 複合機能 HAKU 日中美白UV 縦型Shorts 新カテゴリー"
2026-05-15,資生堂,スキンケア（美白）,YouTube Shorts,https://www.youtube.com/shorts/7NzL33v6ePs,30秒以内,縦型Shorts（ブランドヒストリー訴求）,"HAKU メラノフォーカスIV「ブランド誕生から20年・10代目へ進化」縦型Shorts。21年連続No.1という権威性とブランド20年の歴史をデジタルフォーマットで訴求。2026年1月公開",不明,なし,"美白 HAKU ブランド20年 10代目 縦型Shorts 21年連続No.1 権威性訴求 2026"
2026-05-15,Medicube（メディキューブ）,スキンケア（美容液・美顔器）,YouTube Shorts,https://www.youtube.com/shorts/SbpaSNZph6g,30秒以内,縦型Shorts（アンバサダー継続訴求）,"「medicube with Ren Meguro」篇。目黒蓮グローバルアンバサダーの第3弾Shorts。MeMe in N.Y.本編→続編→本篇と3本連作Shorts展開でターゲットへの多面的接触を実現するK-beautyデジタル連作戦略",英語ポップBGM,"目黒蓮（Snow Man）","K-beauty 連作Shorts Snow Man 目黒蓮 Medicube 2026 未探索メモ確認済"
2026-05-15,SUQQU（スック）,メイクアップ（デパコス）,YouTube Shorts,https://www.youtube.com/shorts/d7mA7SN9BZk,60秒以内,縦型Shorts（春コレクション訴求）,"SUQQU Spring Color Collection 2026「桜梅桃李」テーマShortsプロモーション。2026年1月23日発売コレクションをYouTube Shortsで告知。桜・梅・桃・杏の花々から着想した多幸感カラー訴求。デパコスブランドのデジタルファースト新規接点戦略",ホリデー系BGM,なし,"デパコス 桜梅桃李 春コレクション SUQQU 縦型Shorts 2026 未探索メモ確認済"
2026-05-15,MISSHA,K-beautyスキンケア,YouTube,https://www.youtube.com/watch?v=_9Lx8y4u_-o,プロモーション,プロモーション動画（メディアタイアップ）,"TWICE SANA × MISSHA TIME REVOLUTION RETINOL in Japan ELLE JAPAN連動動画。ELLE JAPAN取材によるMISSHA日本進出レチノールシリーズ記者発表会映像。K-POP×ファッション誌タイアップによる話題化戦略。2024年9月公開",K-POPサウンド,TWICE SANA,"K-beauty K-POP TWICE SANA MISSHA レチノール ELLE JAPAN メディアタイアップ 2024 未探索メモ確認済"
2026-05-15,ETVOS,D2Cミネラルメイク,YouTube,https://www.youtube.com/watch?v=DV-2c8Vilmw,30秒,TVCM,"ETVOS「いいとこ取り篇」30秒。ミネラルファンデのスキンケア効果兼用メリットを「いいとこ取り」というわかりやすいコピーで端的に訴求。D2C先駆者ETVOSのTV広告展開による新規顧客獲得。2025年2月7日公開",不明,不明,"D2C ミネラルメイク スキンケア兼用 ETVOS いいとこ取り TVCM 2025 未探索メモ確認済"
2026-05-15,ETVOS,D2Cミネラルメイク,YouTube,https://www.youtube.com/watch?v=QOd9p9k_Qnk,15秒,TVCM（短尺）,"ETVOS「いいとこ取り篇」15秒。30秒TVCMと同時展開のマルチ尺戦略。D2CブランドのTV広告進出による幅広いリーチ獲得。2025年2月7日公開",不明,不明,"D2C ミネラルメイク 短尺 ETVOS いいとこ取り マルチ尺 2025"
2026-05-15,ETVOS,D2Cミネラルメイク,YouTube,https://www.youtube.com/watch?v=ZkrcxI78a6I,30秒,TVCM,"ETVOS「やさしい美白篇」30秒。石けんで落とせるミネラルメイクに美白成分配合という複合機能訴求CM。成分・処方・落とし方のやさしさを「やさしい」という一語でまとめる訴求戦略",不明,不明,"D2C ミネラルメイク 美白 やさしい 石けん落ち 複合機能 ETVOS"
2026-05-15,Canmake（キャンメイク）,マス系メイクアップ（リップ）,YouTube,https://www.youtube.com/watch?v=hZ-141Aw0zo,30秒,TVCM,"CANMAKE「ぷるんと可愛いくちびる」篇。小芝風花起用リップ新製品CM。「ぷるんと」という触感コピーで口当たりと質感を可視化。プチプラリップのプレミアム質感演出。2023年12月公開",不明,小芝風花,"リップ 質感訴求 触感コピー プチプラ CANMAKE 小芝風花 ぷるん 2023"
2026-05-15,Canmake（キャンメイク）,マス系メイクアップ（リップ）,YouTube,https://www.youtube.com/watch?v=hclLGdm0Fm0,30秒,TVCM（新テクスチャー訴求）,"「むちぷるティント メリーゴーランド篇」。小芝風花起用ティントリップの「むちぷる」質感テクスチャーをメリーゴーランドの幻想世界観で表現。2023年12月22日WEB公開・2024年1月1日TV放映開始",不明,小芝風花,"ティント リップ むちぷる 幻想世界観 CANMAKE 小芝風花 2023 2024"
2026-05-15,LUNASOL（ルナソル）,メイクアップ（デパコス）,YouTube,https://www.youtube.com/watch?v=CqSIDhoXQ3E,3分超,ハウツー動画（公式オフィシャル）,"「The Infinite Universe -Galaxy Flash-」How To Makeup公式動画。宇宙×ギャラクシーをテーマにした秋コレクションのオフィシャルハウツー映像。プロによる2Looks実演で購買意欲を高めるエデュテイメント戦略。2025年9月22日コレクション連動公開",不明,プロメイクアップアーティスト,"デパコス ギャラクシー コレクション ハウツー 2Looks エデュテイメント 公式 LUNASOL 2025"
2026-05-15,MISSHA,K-beautyスキンケア,YouTube,https://www.youtube.com/watch?v=Vgm4Hki6YMY,イベント映像,記者発表会映像,"TWICEサナ出演 ミシャジャパン「TIME REVOLUTION RETINOL」記者発表会映像。サナ登壇でファンメディアが一斉取材・拡散。K-POP×記者発表会の話題化戦略。2024年9月14日公開",K-POPサウンド,TWICE SANA,"K-beauty 記者発表会 TWICE SANA MISSHA レチノール 日本発売 拡散戦略 2024"
2026-05-15,MISSHA,K-beautyスキンケア,YouTube,https://www.youtube.com/watch?v=4XAKOT8SxRs,プロモーション,プレスプレビュー映像（全編）,"TWICE SANA x MISSHA TIME REVOLUTION RETINOL Press Preview全編。レチノールシリーズの日本上陸プレスイベント全編映像。SANAのブランドPRコメント・製品説明含む。MISSHA JAPAN活性化の重要事例。2024年9月公開",K-POPサウンド,TWICE SANA,"K-beauty レチノール TWICE SANA MISSHA プレスプレビュー 全編 2024 未探索メモ確認済"

# 未探索メモ 2026-05-15:
# 【確認済・完了】
# ✅ KANEBO「希望よ、超えてゆけ。」CM（l42nyn7hZUw）詳細確認：橘慶太(w-inds.)歌唱・中島セナほか・2023年1月放映開始
# ✅ SHISEIDO MEN「あなたは、変わらない。」篇（2025年7月2日公開）：5形式同時展開を収録
# ✅ Medicube 目黒蓮 第3弾Shorts（SbpaSNZph6g）収録済
# ✅ MISSHA JAPAN TWICE SANA Retinol 事例（2024年9月）収録済
# ✅ SUQQU 2026春「桜梅桃李」Shorts（d7mA7SN9BZk）収録済
# ✅ ETVOS「いいとこ取り篇」30秒・15秒（2025年2月7日）収録済
#
# 【次回優先調査】
# 1. COSRX Japan公式YouTubeチャンネル（c/COSRXcosmetic）最新動画URL発掘：SNS重視でTV CM未展開の可能性あり、TikTok Shop連動動画を重点確認
# 2. THREE cosmetics 2026 SCENTS OF DISTANCE 公式プロモーション動画URL：公式チャンネル（THREEcosmeticsJAPAN）を直接確認
# 3. ALBION 70周年記念CM（udvvw7dJjSM）詳細確認：公開日・尺・内容・キャスト
# 4. Haruharu Wonder Japan公式チャンネル動画URL確認（日本市場向け専用コンテンツ有無）
# 5. JILL STUART Beauty 2026春「Story of Fragrances」公式プロモーション動画URL
# 6. Dr.Reju-All 新興K-beautyブランド：2026年2月日本上陸連動動画
# 7. NIJISANJI EN「Glowing Shade」コスメコラボ動画：2026年5月出荷連動プロモーション
# 8. にじさんじ×資生堂コラボ配信アーカイブ：Fande Beauty Liquid紹介配信のアーカイブURL
# 9. CANMAKE 40周年記念（2025年4月）連動YouTube動画：「ユアリップオンリーグロス復刻」CM URL
# 10. LUNASOL Summer 2026（rQGMYJ2wJ9w）：公式orレビュー動画か要確認・公式なら収録
# 11. rom&nd Japan Instagram Reels公式動画URL発掘（@romand_jp の具体的Reels URL）
# 12. UZU by Flowfushi 2025-2026 公式CM動画URL（チャンネルUClIybFoCXNnqQ-94Z-Ipmtg直接確認）
# 13. OWNCODE（本田翼）公式コスメブランドYouTube動画：ブランドチャンネル直接調査
# 14. Yunth 武井咲旧CM（5BuC1niQdsg）vs BTS V（dceDiAPI5wI）比較のためURL確認
# 15. コスメ系TikTok ライブコマース事例：MilleFée・NARS等のTikTok LIVEアーカイブURL
# 16. AI生成映像活用コスメCM日本初事例調査（2026年トレンド）
# 17. EXCEL エクセル YouTube 2025-2026 新CM URL確認
# 18. PERFECT ONE（新日本製薬）YouTube CM 2025-2026 URL確認
2026-05-15,Canmake（キャンメイク）,マス系メイクアップ（周年記念）,YouTube,https://www.youtube.com/watch?v=jwO1cAqI8zw,90秒,ブランドムービー（周年記念）,"「いろんな『かわいい！』のそばに」篇90秒。ブランド40周年記念の大型ムービー。世代・個性を超えた多様な女性の「かわいい」瞬間を並列描写する集団演出で、プチプラコスメの民主主義的美容哲学を映像化。2025年3月20日公開",不明,複数（一般キャスト）,"40周年 記念ムービー プチプラ かわいい 集団演出 CANMAKE 2025"
2026-05-15,Canmake（キャンメイク）,マス系メイクアップ（周年記念）,YouTube,https://www.youtube.com/watch?v=Ggk6l1qR3c8,30秒,ブランドムービー（周年記念短尺）,"「いろんな『かわいい！』のそばに」篇30秒。40周年記念90秒ムービーと同日公開の短尺フォーマット。90秒+30秒マルチ尺同時展開でリーチを最大化するデジタルマーケティング戦略。2025年3月20日公開",不明,複数（一般キャスト）,"40周年 短尺 30秒 マルチ尺 プチプラ CANMAKE 2025"
2026-05-15,Canmake（キャンメイク）,マス系メイクアップ（周年記念）,YouTube,https://www.youtube.com/watch?v=1lJrXd1K8mg,不明,ティザームービー（周年プロローグ）,"「40周年プロローグ」映像。本編より3ヶ月先行公開でブランド40周年への期待醸成と話題化を狙うティザー戦略。事前告知動画でファンの期待値を高める先行コンテンツ手法。2024年12月23日公開",不明,不明,"40周年 プロローグ ティザー 先行公開 期待醸成 CANMAKE 2024"
2026-05-15,Canmake（キャンメイク）,マス系メイクアップ,YouTube,https://www.youtube.com/watch?v=cFtIxvY2KCI,30秒,TVCM,"「恋する街かど篇」30秒。河北麻友子起用の新CM。街角のリアルな恋愛シーンにコスメをさりげなく溶け込ませるライフスタイル訴求。プチプラブランドのキャスティング更新戦略。2025年12月21日公開",不明,河北麻友子,"プチプラ 街角 恋愛 ライフスタイル 河北麻友子 CANMAKE 2025"
2026-05-15,Canmake（キャンメイク）,マス系メイクアップ,YouTube,https://www.youtube.com/watch?v=ChvefZCn8tA,メイキング,メイキング動画,"「恋する街かど篇」メイキング映像。河北麻友子の撮影裏側を公開しファンエンゲージメントを喚起。TV CM本編と同日公開する複合コンテンツ展開。2025年12月21日公開",不明,河北麻友子,"メイキング ファンエンゲージメント CANMAKE 河北麻友子 2025"
2026-05-15,HABA（ハーバー研究所）,マス系スキンケア（無添加）,YouTube Shorts,https://www.youtube.com/shorts/Wsaf7y812_s,縦型短編,縦型ショートドラマ（ブランドタイアップ）,"HABA×こねこフィルム コラボ縦型ショートドラマ第1弾「萬田久子」篇。HABA 34年のブランドアンバサダー萬田久子が素性を隠してエレベーターに乗り込むユーモラスな設定。TikTok・Instagram・YouTube同時公開。全4話で総2400万再生超達成。2025年9月18日公開",不明,萬田久子,"縦型ショートドラマ こねこフィルム タイアップ 2400万再生 無添加 HABA 萬田久子 2025"
2026-05-15,IPSA（イプサ）,国内大手スキンケア（資生堂グループ）,YouTube Shorts,https://www.youtube.com/shorts/aqlJ46ZYLwg,30秒,コンセプトムービー（縦型）,"IPSA×ROIROM「動き続ける。美しさ躍る。」コンセプトムービー。5年連続プレステージ化粧水No.1「ザ・タイムR アクア」リニューアルに際しROIROMが「アクアフレンズ」就任。ROIROMの新曲「DRESS CODE」使用の縦型コンセプト映像。2026年4月9日公開",DRESS CODE（ROIROM）,ROIROM,"IPSA ロングセラー リニューアル 縦型 アイドル アクアフレンズ ROIROM 2026"
2026-05-15,IPSA（イプサ）,国内大手スキンケア（資生堂グループ）,YouTube Shorts,https://www.youtube.com/shorts/4GvomM0hBQs,縦型,メイキング動画（縦型）,"IPSA×ROIROMコンセプトムービーメイキング。ROIROMの撮影裏側でファンへのリアルな接点を提供。コンセプトムービー+メイキングの2点セット同日公開でアイドルファン層への多面的接触を実現。2026年4月9日公開",DRESS CODE（ROIROM）,ROIROM,"IPSA メイキング ROIROM ファンエンゲージメント 縦型 2026"
2026-05-15,LISSAGE（リサージ）,国内大手スキンケア（カネボウ化粧品）,YouTube Shorts,https://www.youtube.com/shorts/B0F7UO3vqlc,縦型短編,縦型ショートドラマ（ブランドタイアップ）,"LISSAGE×こねこフィルム初コラボ縦型ショートドラマ「スキメン」篇。フォロワー390万超のこねこフィルムを起用しリサージ スキンメインテナイザーをドラマ内に自然に露出。非広告型プロモーションでZ世代への浸透を狙う。2025年8月4日公開",不明,半田周平 他,"縦型ショートドラマ こねこフィルム スキンメインテナイザー 非広告型 LISSAGE 2025"
2026-05-15,LISSAGE（リサージ）,国内大手スキンケア（カネボウ化粧品）,YouTube Shorts,https://www.youtube.com/shorts/ZI_mBwavBsk,縦型短編,縦型ショートドラマ（人気シリーズ活用）,"LISSAGE×こねこフィルム「プライド三姉妹」新作リサージ篇。こねこフィルムの人気継続シリーズ「プライド三姉妹」にブランドタイアップで参入。既存ファンへの自然なブランド接触を実現する人気シリーズ活用戦略。2025年8月5日公開",不明,赤間麻里子 他,"縦型ショートドラマ こねこフィルム プライド三姉妹 シリーズ活用 LISSAGE 2025"
2026-05-15,Visée（ヴィセ）,マス系メイクアップ（コーセー）,YouTube,https://www.youtube.com/watch?v=wflVWtZYvTg,30秒,WEBCM（デュアルキャスト）,"「ヴィセ ダブル ムード アイズ」WEBCM ツウィ（TWICE）Ver.。TZUYU×吉野北人（THE RAMPAGE）の二軸キャスティングでK-POP/J-POPダンサーファン双方にリーチする並走戦略。同製品の異なるキャラクターVer.展開で接触最大化。2025年3月5日公開",不明,TZUYU（TWICE）,"K-POP アイシャドウ デュアルキャスト WEBCM ヴィセ TZUYU TWICE 2025"
2026-05-15,Visée（ヴィセ）,マス系メイクアップ（コーセー）,YouTube,https://www.youtube.com/watch?v=0SXhVdXhGK4,30秒,WEBCM（デュアルキャスト）,"「ヴィセ ダブル ムード アイズ」WEBCM 吉野北人（THE RAMPAGE）Ver.。同製品でK-POPとJ-POPアーティストをVer.分けし異なるファン層へ並走アプローチ。デュアルキャストによる接触効率最大化の新手法。2025年3月5日公開",不明,吉野北人（THE RAMPAGE）,"J-POP ダンサー アイシャドウ デュアルキャスト WEBCM ヴィセ THE RAMPAGE 2025"
2026-05-15,Visée（ヴィセ）,マス系メイクアップ（コーセー）,YouTube,https://www.youtube.com/watch?v=1wjZt4mP4n8,30秒,TVCM,"「ヴィセ エッセンス プランプバーム」TVCM 30秒。吉野北人（THE RAMPAGE）起用のリップバーム新TVCM。男性アーティスト起用リップCMという新潮流。ふっくらプランプ感をビジュアルで訴求する製品フォーマット訴求。2025年8月11日公開・21日発売",不明,吉野北人（THE RAMPAGE）,"リップバーム プランプ 男性キャスト TVCM ヴィセ THE RAMPAGE 2025"
2026-05-15,Visée（ヴィセ）,マス系メイクアップ（コーセー）,YouTube,https://www.youtube.com/watch?v=OoSj6W13HH8,メイキング,メイキング&インタビュー動画,"「ヴィセ エッセンス プランプバーム」TVCM撮影メイキング&インタビュー。吉野北人の撮影裏側コメントでファン層へのリッチな接触機会を提供。TVCM+メイキングの複合コンテンツ展開でエンゲージメントを最大化。2025年",不明,吉野北人（THE RAMPAGE）,"メイキング インタビュー ファンエンゲージメント ヴィセ 2025"
2026-05-15,INTEGRATE（インテグレート）,マス系メイクアップ（資生堂）,YouTube,https://www.youtube.com/watch?v=rRS0SE0gLpE,5分超,エデュテイメント動画（研究所シリーズ）,"「ひみつの黄金比研究所」Vol.1 化粧品研究のプロ編（長尺）。鈴木愛理が「所長」として化粧品開発の専門家とファンデーションの黄金比を探るエデュテイメント形式の動画。研究・実験フォーマットで製品信頼感と購買意欲を高める新手法。2025年4月公開",不明,鈴木愛理（元℃-ute）,"エデュテイメント 研究所 ファンデーション 専門家対談 製品信頼感 INTEGRATE 鈴木愛理 2025"
2026-05-15,INTEGRATE（インテグレート）,マス系メイクアップ（資生堂）,YouTube,https://www.youtube.com/watch?v=km1_tjZ6vjc,不明,コンテンツ動画（アワード形式）,"「うるつやクッションアワード」インテグレート feat.鈴木愛理。クッションファンデの「うるつや」特性をアワード形式で楽しく比較解説するエンタメコンテンツ動画。研究所シリーズと並ぶエデュテイメント型の新フォーマット展開。2025年",不明,鈴木愛理（元℃-ute）,"クッションファンデ アワード エデュテイメント エンタメ形式 INTEGRATE 鈴木愛理 2025"
2026-05-15,CEZANNE（セザンヌ）,マス系メイクアップ（ベース）,YouTube,https://www.youtube.com/watch?v=BppoIag2B3E,30秒,TVCM（定番製品リニューアル）,"「皮脂テカリ防止下地」CM 30秒。志田彩良起用の定番製品CM。プチプラ下地の機能訴求をわかりやすく映像化。ブランドミューズを継続起用することで製品横断のブランドイメージを統一。2025年公開",不明,志田彩良,"皮脂テカリ防止 下地 プチプラ 機能訴求 定番製品 CEZANNE 志田彩良 2025"
2026-05-15,CEZANNE（セザンヌ）,マス系メイクアップ（アイライナー）,YouTube,https://www.youtube.com/watch?v=ZzLr0ohtYK0,30秒,TVCM（新製品）,"「ブレぴたライナー」CM 30秒。志田彩良起用のアイライナー新製品TVCM。「ブレぴた」という擬音コピーで製品機能をわかりやすく訴求。ネーミングと映像の一体感で商品名想起を最大化。2025年公開",不明,志田彩良,"アイライナー ブレぴた 擬音コピー 製品機能 プチプラ CEZANNE 志田彩良 2025"
2026-05-15,CEZANNE（セザンヌ）,マス系メイクアップ（リップ）,YouTube,https://www.youtube.com/watch?v=HVpQPLmbtK8,30秒,TVCM（2026年新製品）,"「影色リップメイカー」CM 30秒。志田彩良起用の2026年新製品TVCM。リップライナーで口元に陰影をつけ小顔効果を生む「影色」という新機軸訴求。コンター×リップという新カテゴリー創造。2026年1月21日公開",不明,志田彩良,"影色 コンター リップライナー 新カテゴリー 小顔効果 プチプラ CEZANNE 志田彩良 2026"
2026-05-15,CEZANNE（セザンヌ）,マス系メイクアップ（リップ）,YouTube,https://www.youtube.com/watch?v=T0zKgW6UhaI,15秒,TVCM（2026年新製品短尺）,"「影色リップメイカー」CM 15秒。30秒TVCMと同日公開の短尺フォーマット。30秒+15秒のマルチ尺同時展開でリーチ最大化。2026年1月21日公開",不明,志田彩良,"影色 リップライナー 短尺 15秒 マルチ尺 プチプラ CEZANNE 志田彩良 2026"

# 未探索メモ 2026-05-15（第2回）:
# 【確認済・完了】
# ✅ CANMAKE 40周年ムービー 90秒・30秒・プロローグ 3本収録済（2024/12/23〜2025/3/20）
# ✅ CANMAKE「恋する街かど篇」河北麻友子 CM30秒+メイキング収録済（2025/12/21）
# ✅ HABA×こねこフィルム 縦型ショートドラマ第1弾「萬田久子」収録済（2025/9/18）
# ✅ IPSA×ROIROM「動き続ける。美しさ躍る。」コンセプトムービー+メイキング収録済（2026/4/9）
# ✅ LISSAGE×こねこフィルム「スキメン」「プライド三姉妹/リサージ」縦型ショートドラマ収録済（2025/8）
# ✅ Visée「ダブルムードアイズ」TZUYU（TWICE）×吉野北人（THE RAMPAGE）デュアルキャスト2本収録済（2025/3）
# ✅ Visée「エッセンスプランプバーム」TVCM+メイキング収録済（2025/8）
# ✅ INTEGRATE「ひみつの黄金比研究所」Vol.1+「うるつやクッションアワード」収録済（2025）
# ✅ CEZANNE「皮脂テカリ防止下地」「ブレぴたライナー」「影色リップメイカー」30秒+15秒収録済（2025-2026）
# ✅ Drunk Elephant：日本事業2025年6月末終了確認→対象外
# ✅ COFFRET D'OR：2024年12月ブランド終了確認→対象外
#
# 【次回優先調査】
# 1. PERFECT ONE「世界の扉」篇（jjuBPYjh8pw）および「世界の扉〜ミラノ・パリ〜」篇URL収録（natalie.mu記事で2025/9-10公開確認済・中島健人出演）
# 2. HABA×こねこフィルム 第2弾「大女優VS本物」YouTube Shorts 具体的URL発掘（チャンネル@habaJP/shorts直接確認）
# 3. THREE cosmetics 2026 SS「SCENTS OF DISTANCE」公式YouTube動画URL（公式チャンネルUCQOfawCREZxDZq4IR-RluAQ直接確認）
# 4. ALBION 70周年記念CM（2026年3月2日創立70周年記念）YouTube URL（チャンネルALBIONmovie確認）
# 5. CLIO Cosmetics Japan 公式YouTube CM動画URL（@cliocosmetics_jpチャンネル確認）
# 6. SKIN1004 Japan YouTube CM動画URL（チャンネルUCCzeSBE4EMGdzNFnNjxbrPg直接確認）
# 7. UZU by Flowfushi 公式YouTube CM URL（2025年9月ネット専売移行後のデジタル広告動向確認）
# 8. rom&nd Japan Instagram Reels公式動画URL（@romand_jpの具体的Reels URL発掘）
# 9. WHOMEE（イガリシノブ）公式YouTube/TikTok CM動画確認
# 10. OWNCODE「By ttt.」本田翼コスメブランド公式YouTube動画URL
# 11. INTEGRATE「ひみつの黄金比研究所」Vol.2以降シリーズ続編URL
# 12. EXCEL エクセル公式YouTubeチャンネル（excelmake）最新CM URL（2025-2026）
# 13. Visée「キラーアイトリオ」TVCM（E9UMdiA_6Xg）2024年作品・追加収録検討
# 14. HABA×こねこフィルム 第3・4話 YouTube Shorts URL
# 15. JILL STUART Beauty「Crystal Bloom Sakura Bouquet」2026年春 YouTube CM URL
# 16. NIJISANJI/にじさんじ×コスメブランドコラボ配信アーカイブ調査継続
# 17. AI生成映像活用コスメCM日本実事例URL（2026年以降の具体的事例）
# 18. TikTok ライブコマース事例 具体的URL（MilleFée等のTikTok LIVE）
# 19. Haruharu Wonder Japan 公式YouTube/TikTok動画URL（日本市場向け専用コンテンツ有無）
# 20. COSRX Japan TikTok/YouTube具体的動画URL（SNS専業で公式CM動画なし可能性あり→TikTok確認）
