調査日,ブランド,カテゴリー,情報種別,タイトル,URL,概要,製品名,キャンペーン名,媒体
2026-05-15,BULK HOMME,D2C系,キャンペーン,"若年層向け新プラン「スキンケアU22割」を2026年5月15日より開始",https://prtimes.jp/main/html/rd/p/000000184.000029463.html,"13〜22歳を対象に本質的なスキンケアを特別価格で継続利用できる新プランを開始。高校・大学を中心に展開予定。",,スキンケアU22割,PR TIMES
2026-05-15,SHISEIDO,国内大手,新製品,"SHISEIDO フューチャーソリューション LX 新クリーム「トータル Rクリーム ソフト」2026年5月1日発売",https://prtimes.jp/main/html/rd/p/000002997.000005794.html,"みずみずしく弾むような使い心地の新テクスチャークリーム。寒天カプセルが角層まで素早く浸透。50g 税込39,600円。国内約120店のデパートと公式オンラインストアで発売。",フューチャーソリューション LX トータル Rクリーム ソフト,,PR TIMES
2026-05-15,ELIXIR,国内大手,新製品,"「超・光ブースト化粧水・乳液」発売2ヶ月で累計出荷300万本突破 複数ベストコスメ受賞",https://prtimes.jp/main/html/rd/p/000003101.000005794.html,"2026年2月21日発売。m-トラネキサム酸・4MSK・コラジェネシス配合のブライトニングライン。売上は2025年対比+81%で好調推移。発売早々ベストコスメを複数受賞。",エリクシール 超・光ブースト化粧水・乳液,,PR TIMES
2026-05-15,ETVOS,D2C系,新製品,"ETVOS 2026 Summer Collection 予約開始 砂糖をまぶしたきらめきと甘さをまとう夏アイテムを展開",https://prtimes.jp/main/html/rd/p/000000145.000040925.html,"2026年夏コレクション。ミネラルデザイニングマルチパウダー（新4色）・ミネラルデザイニングアイブロウ（新3色）ほかを展開。5月1日全国発売開始。",ETVOS 2026 Summer Collection,,PR TIMES
2026-05-15,ETVOS,D2C系,キャンペーン,"ETVOS 2026 Summer Collection 伊勢丹新宿店 先行販売 POP UPイベント開催（2026年4月27日）",https://prtimes.jp/main/html/rd/p/000000146.000040925.html,"伊勢丹新宿店B2Fにて先行販売POP UPイベントを開催。全国発売に先駆け体験できる場を設置。",,ETVOS 2026 Summer Collection POP UP,PR TIMES
2026-05-15,COSME DECORTE,国内大手,タレント起用,"「コスメデコルテ」2026年も大谷翔平選手を広告起用。新TVCM「未来を約束する一滴。」篇 2月27日よりオンエア開始",https://prtimes.jp/main/html/rd/p/000000013.000148282.html,"No.1美容液「リポソーム アドバンスト リペアセラム」の広告に大谷翔平選手を継続起用。3月1日から新広告ビジュアルを全国展開。3月5〜29日はロンドンバスが東京〜大阪を巡回。",リポソーム アドバンスト リペアセラム,,PR TIMES
2026-05-15,KANEBO,国内大手,キャンペーン,"「ROUGE to You #みんなで選ぶ希望のルージュ」第2弾 限定色の「色名」を消費者投票で決定（2026年3月6〜13日）",https://prtimes.jp/main/html/rd/p/000000875.000016220.html,"ルージュスターヴァイブラント 2026年秋冬発売予定の限定新色の色名を消費者参加型投票で決定する第2弾キャンペーン。投票者から抽選でサンプルセットプレゼント。",ルージュスターヴァイブラント,ROUGE to You #みんなで選ぶ希望のルージュ,PR TIMES
2026-05-15,OLIVE YOUNG,韓国コスメ,キャンペーン,"OLIVE YOUNG FESTA グローバル初上陸 KCON JAPAN 2026 幕張メッセで5月8〜10日開催",https://prtimes.jp/main/html/rd/p/000000010.000171754.html,"韓国最大手ドラッグストア「OLIVE YOUNG」の大型ビューティーフェスが世界初・日本で初開催。KCON JAPAN 2026内164坪。8つの体験ゾーンで韓国トレンドコスメを紹介。グローバルアプリから購入可。",,OLIVE YOUNG FESTA JAPAN 2026,PR TIMES
2026-05-15,ハンズ,その他,キャンペーン,"「K-Beauty Fes」ハンズ各店・ネットストアで2026年5月11日〜6月26日開催 韓国コスメ集結",https://prtimes.jp/main/html/rd/p/000000668.000070824.html,"バイヤーが厳選した韓国発の新作コスメ・スキンケア・ヘアケアが集結。先行販売アイテムや限定特典も多数用意。店頭でお試し体験も可能。",,K-Beauty Fes,PR TIMES
2026-05-15,"Laneige・COSRX・innisfree・Beauty of Joseon",韓国コスメ,市場トレンド,"K-Beauty韓国コスメが日本市場で第二章 SNSバズが店頭売上を直撃 Laneige・innisfree・COSRX・Beauty of Joseonが牽引",https://8and.jp/2026/05/13/k-beauty%E9%9F%93%E5%9B%BD%E3%82%B3%E3%82%B9%E3%83%A1%E3%81%8C%E6%97%A5%E6%9C%AC%E5%B8%82%E5%A0%B4%E3%81%A7%E7%AC%AC%E4%BA%8C%E7%AB%A0-laneige%E3%83%BBinnisfree%E3%83%BBcosrx%E3%83%BB/,"2026年5月13日付け記事。韓国コスメが日本市場で確固たる地位を確立し第二フェーズへ。SNS発信が実店舗売上に直結する新ステージ。各ブランドのパーソナライズ戦略が加速。",,,8and
2026-05-15,@cosme（アイスタイル）,その他,市場トレンド,"「@cosmeベストコスメアワード2026上半期トレンド予測」発表 NEXTキーワード6選を公開",https://prtimes.jp/main/html/rd/p/000000457.000005126.html,"2026年上半期のNEXTトレンドキーワードは「美湯～ティタイム」「先どりパーツケア」「超キラメロコスメ」「夢中美容」「肌守り市場拡大中」「日本プライドコスメ」の6つ。訪日客増加で国産ブランド再評価の動き。",,,PR TIMES
2026-05-15,（複数ブランド）,その他,市場トレンド,"【2026年トレンドスキンケア9選】エイジングは「止める」時代に。遺伝子検査から導き出すパーソナルケアが本格化",https://maquia.hpplus.jp/skincare/news/115020/,"2026年スキンケアトレンド特集。エイジングケアの概念が「抑制」から「予防・遅延」へ転換。遺伝子検査＋AI分析によるパーソナライズドスキンケアが本格展開へ。",,,MAQUIA
2026-05-15,（複数ブランド）,その他,市場トレンド,"【2026年最新スキンケアトレンド14選】「PDRN」「アゼライン酸」など最新機能性成分に注目集まる",https://maquia.hpplus.jp/skincare/news/114914/,"PDRN（サーモンDNA由来成分）・アゼライン酸・プロバイオティクス・ナイアシンアミドなど機能性成分が注目。K-beautyを経由した成分トレンドが日本市場に波及加速中。",,,MAQUIA
2026-05-15,SHISEIDO,国内大手,新製品,"SHISEIDO アルティミューン マルチトリートメントオイル 2026年3月1日発売 シリーズ初のオイル剤形",https://prtimes.jp/main/html/rd/p/000002999.000005794.html,"美容液成分を行き渡らせハリのあるつや肌へ導くマルチトリートメントオイル。アルティミューンシリーズ初のオイル剤形として展開。",アルティミューン マルチトリートメントオイル,,PR TIMES
2026-05-15,ORBIS,マス系,新製品,"オルビス「ORBIS SHOT PLUS（ショットプラス）」エイジングケアシリーズ990円〜 販路拡大・好調推移",https://prtimes.jp/main/html/rd/p/000000651.000002061.html,"ナノカプセルで美容成分を素早く角層まで届ける高コスパエイジングケアシリーズ。990〜1,210円。ドラッグストアなど販路を拡大中。",ORBIS SHOT PLUS,,PR TIMES
2026-05-15,@cosme（アイスタイル）,その他,市場トレンド,"【予告】@cosme 上半期ベストコスメアワード2026を2026年5月20日（水）発表予定",https://www.cosme.net/bestcosme/articles/2026_half-teaser/,"@cosme上半期ベストコスメアワード2026の発表日が5月20日に決定。歴代総合大賞の振り返りやランキングの楽しみ方を公開。2026年上半期の注目アイテムが明らかになる予定。",,,@cosme
2026-05-15,COSME DECORTE,国内大手,新製品,"コスメデコルテ象徴ライン「AQ」が進化 ツヤ肌に導く新AQスキンケア誕生",https://prtimes.jp/main/html/rd/p/000000459.000041232.html,"コスメデコルテ最高峰ライン「AQ」がリニューアル。心の幸福感を美肌に変える新アプローチで、ツヤ肌に導く新スキンケアシリーズを展開。グローバル市場拡大を見据えた刷新。",コスメデコルテ AQスキンケア,,PR TIMES
2026-05-15,エテュセ,マス系,新製品,"エテュセ 2026 SUMMER COLLECTION 新シーズンビジュアル解禁 夏カラーメイクアイテム展開",https://prtimes.jp/main/html/rd/p/000000194.000030935.html,"エテュセが2026年夏コレクションの新ビジュアルを公開。夏らしいカラーメイクアイテムを新展開。トレンドカラーを取り入れた限定・新商品を予定。",エテュセ 2026 SUMMER COLLECTION,,PR TIMES

# 未探索メモ 2026-05-15: 【次回優先確認事項】
# ・@cosme上半期ベストコスメアワード2026（5月20日発表予定）→受賞情報を速やかに収録
# ・OLIVE YOUNG FESTA JAPAN 2026（5月8〜10日開催）のレポート記事・反響情報を追跡
# ・COSME DECORTE AQスキンケア新シリーズの詳細発売日・ラインアップを確認
# ・ETVOS 丸紅による完全子会社化（prtimes.jp/main/html/rd/p/000000137.000040925.html）の詳細と今後の戦略を確認
# ・K-Beauty 新進ブランド：BIOHEAL BOH（バイオヒールボ）の日本上陸詳細を追跡
# ・NEDO Beauty Visionary Awards（懸賞金総額2.5億円）の公募詳細と参加ブランドを確認（URL: prtimes.jp/main/html/rd/p/000000267.000135644.html）
# ・KANEBO ルージュスターヴァイブラント 限定色 投票結果の夏発売情報を追跡
# ・WWD Japan Beauty最新記事（wwdjapan.com/category/beauty/news-beauty）が403のため代替手段を検討
# ・SUQQU 2026年夏コレクション「Magic Hour」詳細リリース確認
# ・ELIXIR超光ブースト化粧水・乳液のさらなるキャンペーン展開を追跡
# ・CeraVe・The Ordinary・Paula's Choice の日本市場新展開情報を確認
# ・PDRN成分関連：新製品ラッシュが続いているため各ブランドの製品発売情報を網羅
# ・「ぽてさらUV」ジェルタイプ新登場の詳細ブランド・発売情報を特定
# ・「日本プライドコスメ」トレンドに乗るブランド動向（訪日客向けインバウンドコスメ）を継続追跡
