調査日,ブランド,カテゴリー,プラットフォーム,URL,フォーマット,クリエイティブポイント,タレント_キャスト,トレンドタグ
2026-05-12,Yunth,D2Cスキンケア,YouTube,https://www.youtube.com/watch?v=dceDiAPI5wI,横型CM,"ミニマル白背景×BTS V日本初単独CM。「もっと近づいて」囁きで親密さ演出。生VC美容液を格上げ",BTS V（テヒョン）,"K-POPタレント 美白美容液 ミニマル"
2026-05-12,Yunth,D2Cスキンケア,YouTube,https://www.youtube.com/watch?v=ymQNfdDHRDM,メイキング動画,"BTS V単独CM「君の肌に」メイキング＋日本語コメント映像。CM撮影の裏側公開でファン拡散狙い",BTS V（テヒョン）,"K-POPタレント BTS ファンコミュニティ メイキング"
2026-05-12,KANEBO,スキンケア,YouTube,https://www.youtube.com/watch?v=8hWFuL8omTg,WebCM（マルチエイジ）,"Superfly越智志帆の幼少期〜60代が交錯するタイムライン映像。「生きることは、いつだって途中だ。」コピー。X拡散で200万再生超。I HOPE.最新章2026年元旦公開",Superfly 越智志帆,"I HOPE. ブランドムービー エイジング多世代 2026"
2026-05-12,POLA,スキンケア,YouTube,https://www.youtube.com/watch?v=UsRoOXgPPV8,プロモーション動画,"B.A第7世代「時間は、存在しない」。浸透ハリベール成分を映像化。哲学的コピーで超高額ラインを支える。2025年9月発売",なし,"B.A 第7世代 化粧水 ハイエンドスキンケア 哲学コピー"
2026-05-12,資生堂,ブランドムービー,YouTube,https://www.youtube.com/watch?v=KSGlmS_-ZGE,ブランドムービー（豪華キャスト）,"150周年記念CM。池田エライザ・広瀬すず・長澤まさみ・小松菜奈他8名起用。歴代CM再現シーンで歴史訴求。「美しさとは、人のしあわせを願うこと。」","池田エライザ・広瀬すず・長澤まさみ他","150周年 周年ブランドムービー 多キャスト 歴史"
2026-05-12,資生堂,メンズスキンケア,YouTube,https://www.youtube.com/watch?v=IQXtvPKoEHc,TVCM 30秒,"SHISEIDO MEN新アルティミューン「あなたは、変わらない。」100年の男性肌研究訴求。メンズスキンケア格上げ路線",男性モデル,"メンズコスメ スキンケア アルティミューン 100年研究"
2026-05-12,ELIXIR,スキンケア（美容液）,YouTube,https://www.youtube.com/watch?v=aNjc1DNdheM,TVCM 15秒,"エリクシール ザ セラム「誕生」篇。21成分配合の多機能美容液を「誕生」で表現。石田ゆり子の継続アンバサダー活用で長期ブランド資産を蓄積",石田ゆり子,"エイジングケア 美容液 多機能 21成分"
2026-05-12,ANESSA,メンズUV,YouTube,https://www.youtube.com/watch?v=nMO_Mq5UCvk,TVCM,"ANESSA MEN「1本でヨユー。」篇。スポーツ×メンズ日焼け止め市場を本格開拓。2026年3月松本キヨシにて発売",堀米雄斗（スケートボーダー）,"メンズUV スポーツ アスリート 日焼け止め 2026"
2026-05-12,ANESSA,メンズUV,YouTube Shorts,https://www.youtube.com/shorts/YdfjtfyJyO4,縦型ショート,"ANESSA MEN「ずっとサラサラ」篇縦型Shorts版。横型TVCMと縦型Shortsを同時展開するマルチフォーマット戦略",堀米雄斗,"メンズUV 縦型 Shorts アスリート マルチフォーマット"
2026-05-12,ANESSA,UV,YouTube,https://www.youtube.com/watch?v=XvYxz2wtgsw,ブランドムービー,"XGブランド新ミューズ就任発表動画。「IS THIS LOVE」アカペラ版×ダンスシーン初公開。グローバルグループ起用でUVカテゴリーを国際化",XG,"グループガール UV グローバル XG ミューズ就任"
2026-05-12,ビオレUV（花王）,UV,YouTube,https://www.youtube.com/watch?v=O5pyHNGzezY,インタラクティブ動画広告（AR）,"バーチャルテスター技術でデジタルUV試着体験。「試せる動画広告」新フォーマットの先進事例。AR×UV購買促進",なし,"AR試着 バーチャルテスター UV インタラクティブ デジタル体験"
2026-05-12,ビオレUV（花王）,UV,YouTube Shorts,https://www.youtube.com/shorts/FO8x1kFNWos,縦型ショート（AR）,"バーチャルテスターをShorts縦型で展開。ARとショートフォームの掛け合わせ。縦型×インタラクティブの新手法",なし,"AR Shorts UV バーチャル 縦型 インタラクティブ"
2026-05-12,ビオレUV（花王）,UV,YouTube,https://www.youtube.com/watch?v=oV8ZDnlYd_k,TVCM,"瞬感ミストUV改2。TikTok for Business Awards 2024「Best Business Impact賞」受賞製品の継続CM。二階堂ふみ起用",二階堂ふみ,"UV 瞬感ミスト タレント TikTok売れ受賞"
2026-05-12,ビオレUV（花王）,UV,YouTube,https://www.youtube.com/watch?v=l0NKS9IUbuo,TVCM,"新製品「水肌記憶UV」CM。UV塗布後に「水肌記憶」する次世代UV機能訴求。新カテゴリー訴求軸の実験",二階堂ふみ,"UV 新製品 水肌記憶 花王 次世代"
2026-05-12,KATE（カネボウ）,リップ,TikTok,https://tiktok-for-business.co.jp/archives/11721/,ARエフェクト広告,"リップモンスター×ARエフェクトで口紅試着体験。エフェクト利用動画再生460万回。累計出荷800万本。TikTok売れ先駆事例として業界標準モデルに",なし（UGC型）,"ARエフェクト TikTok売れ リップ インタラクティブ バズ"
2026-05-12,YAMMY'S TOY,スキンケア（毛穴ケア）,TikTok,https://www.tiktok.com/@ayami_yamichan,TikTok（クリエイター動画）,"TikTok売れ典型例。クリエイター本人が自らPR。半年70万個→累計100万個超。クリエイター人格が購買を直接駆動する新ブランドモデル",やみちゃん（クリエイター本人）,"TikTok売れ インフルエンサーブランド 毛穴ケア UGC D2C"
2026-05-12,YAMMY'S TOY,スキンケア（毛穴ケア）,Instagram,https://www.instagram.com/yammystoy_official/,Instagram（公式UGC）,"公式Instagram（@yammystoy_official）運用。クリエイターブランドのマルチSNS展開。毛穴モップ→シートマスクとライン拡大中",やみちゃん,"インフルエンサーブランド 毛穴 D2C Instagram"
2026-05-12,BULK HOMME,メンズスキンケア,YouTube,https://www.youtube.com/watch?v=5pEJB6QwunQ,TVCM 30秒,"「FACE UP」キャンペーン30秒版。木村拓哉の力強い男性像でメンズスキンケアを格上げ。「さぁ、顔をあげてゆけ」コピー",木村拓哉,"メンズコスメ タレント スキンケア FACE UP"
2026-05-12,BULK HOMME,メンズスキンケア,YouTube,https://www.youtube.com/watch?v=04j1KtamvjY,TVCM 15秒,"「FACE UP」キャンペーン15秒版。木村拓哉起用。短尺でも力強いメッセージを凝縮。15秒×30秒の同時展開",木村拓哉,"メンズコスメ タレント 短尺CM 木村拓哉"
2026-05-12,Haruharu Wonder,K-beauty スキンケア,TikTok,https://www.tiktok.com/discover/haru-haru-sunscreen-vs-skin1004,TikTok（比較UGC）,"韓国新興クリーンビューティーブランド。95%天然由来・ヴィーガン・クルエルティフリー訴求。TikTok比較UGCでオーガニック認知構築するノーAD戦略",なし（UGC）,"K-beauty クリーンビューティー ヴィーガン TikTok 新興ブランド"
2026-05-12,LUWONT,メンズコスメ,Instagram,https://www.instagram.com/luwont_bytbc/,Instagram（公式）,"TBCグループ初のメンズコスメブランド（2022〜）。BBクリーム・フェイスパウダー・アイブロウで本格メンズメイク訴求。2025年2月伊勢丹新宿POP UP",なし,"メンズコスメ BBクリーム TBCグループ POP UP"
2026-05-12,Beauty of Joseon,韓国コスメ UV,TikTok,https://www.tiktok.com/@beautyofjoseon_official,TikTok（UGCバイラル）,"Relief SunがグローバルTikTokバイラル継続。TikTok 39万フォロワー。Olive Young UV18ヶ月1位。2025年米Costco進出。UGC主導マーケの成功モデル",なし（UGC）,"K-beauty UV TikTokバイラル グローバル展開 Olive Young"
2026-05-12,ORBIS,スキンケア,YouTube,https://www.youtube.com/watch?v=wnHCzitrCwE,TVCM 30秒,"ORBIS U「満ちたりた自信が、つづく水」篇。素肌肯定訴求路線を継続。ミニマルビジュアルでブランド哲学を一貫維持",一般モデル,"素肌肯定 ミニマル スキンケア 化粧水 ORBISらしさ"
2026-05-12,ORBIS,UV,YouTube Shorts,https://www.youtube.com/shorts/tRNmH397ke0,縦型ショート,"2026年新製品「リンクルブライトUVプロテクターN」をShortsで展開。UV×シワ改善の機能複合訴求。新機能カテゴリー訴求",なし,"UV シワ改善 機能複合訴求 Shorts 縦型 2026"
2026-05-12,COSRX,韓国コスメ,Instagram,https://www.instagram.com/cosrx_jp/,Instagram（K-POPタレント起用）,"日本公式Instagram（33K）。ITZY起用でK-POP×成分訴求の二軸戦略。Snail Mucinシリーズ累計TikTok3億再生でグローバルバイラル継続",ITZY,"ITZY K-POPタレント Snail Mucin スキンケア 日本展開"
2026-05-12,COSRX,韓国コスメ,TikTok,https://www.tiktok.com/@cosrx_official,TikTok（インフルエンサー起点）,"グローバルTikTok285Kフォロワー。2026年1月K-BeautyTikTokキャンペーンで前年比2倍売上。UGC×インフルエンサーの複合アプローチ",なし（インフルエンサー起点）,"K-beauty TikTokバイラル Snail Mucin グローバル インフルエンサー"
2026-05-12,SK-II,スキンケア,YouTube,https://www.youtube.com/watch?v=V8XIyhjhhMY,TVCM,"綾瀬はるか「すっぴん素肌に自信」新CM。PITERA化粧水の効果をタレントの素肌で体現。素肌への自信訴求アプローチの典型",綾瀬はるか,"素肌訴求 タレント PITERA 化粧水 綾瀬はるか"
2026-05-12,Laneige,韓国コスメ,YouTube,https://www.youtube.com/watch?v=tqckY8TCJ3w,ブランドムービー（ゲームショー形式）,"The Laneige Show Season 2（2025）。Sydney Sweeneyが進行・回答者を演じるバラエティ形式継続。美容ブランドのエンタメ化モデル",Sydney Sweeney,"K-beauty ゲームショー エンタメ Sydney Sweeney グローバル"
2026-05-13,KATE（カネボウ）,リップ,YouTube,https://www.youtube.com/watch?v=A-LjtdbHwWE,TVCM,"リップモンスターツヤバース「未知なるモンスター襲来」篇。とろける艶×高発色×長持ち保湿のリップ新カテゴリー訴求。バズりリップモンスターの第2章として展開",中条あやみ,"リップ ツヤバース 中条あやみ KATE 新カテゴリー"
2026-05-13,KATE（カネボウ）,ベースメイク,YouTube,https://www.youtube.com/watch?v=wNmMwK0_VME,TVCM,"「THE BASE ZERO」篇。中条あやみ新CMキャラクター就任発表。ゼロ素肌感ベースメイクでブランドリニューアル戦略を牽引",中条あやみ,"ベースメイク ゼロファンデ リニューアル 中条あやみ KATE"
2026-05-13,POLA,スキンケア,YouTube,https://www.youtube.com/watch?v=jyzvg5Mm1a0,ブランドムービー,"B.A第7世代「時間は、存在しない。」正式ブランドムービー。2025年9月発売。浸透ハリベール成分映像化×哲学的コピーで超高額ラインの世界観を支える",なし,"B.A 第7世代 哲学コピー ハイエンド ブランドムービー 2025"
2026-05-13,FANCL,スキンケア,YouTube,https://www.youtube.com/watch?v=LCjb0dyv0ec,TVCM 6秒,"toiro「一人十色 化粧液だから」6秒篇。30歳前後の女性向け無添加スキンケアD2Cブランド。2024年4月18日発売。短尺×共感訴求",杉咲花,"無添加 30代 一人十色 スキンケア D2C toiro"
2026-05-13,FANCL,スキンケア,YouTube,https://www.youtube.com/watch?v=CwD-jSISsKw,メイキング動画,"toiro CM舞台裏。杉咲花のそばかす肯定発言がSNS共感。YUKI「Hello it's me」起用。CM撮影メイキングでブランド人格・等身大の女性像を訴求",杉咲花,"無添加 30代 メイキング 等身大 素肌肯定 toiro"
2026-05-13,COSME DECORTE（コーセー）,スキンケア（美容液）,YouTube,https://www.youtube.com/watch?v=CX56m5W10Kg,TVCM,"「自分が満たされる」篇。2025年3月14日全国オンエア。大谷翔平×リポソームアドバンストリペアセラム継続起用。男性アスリート×ラグジュアリースキンケアのクロスオーバー訴求",大谷翔平,"スキンケア 美容液 大谷翔平 アスリート グローバル 2025"
2026-05-13,innisfree,K-beauty スキンケア,YouTube,https://www.youtube.com/watch?v=Qta28tEX5JM,プロモーション動画,"グリーンティーシードヒアルロンセラムのウォニョン起用動画。K-POP×成分訴求。IVEメンバー起用でZ世代獲得",ウォニョン（IVE）,"K-beauty グリーンティー IVE ウォニョン Z世代 成分訴求"
2026-05-13,Dr.Ci:Labo,スキンケア（VC美容液）,YouTube,https://www.youtube.com/watch?v=2DuC6DNXUPs,TVCM,"VC100エッセンスローションEX「透明感、リミットレス。」篇。2025年2月25日オンエア開始。SHOGUN出演で国際的注目の穂志もえかを新アンバサダー起用。100兆個マイクロ高浸透VC訴求",穂志もえか,"美白 VC100 透明感 穂志もえか SHOGUN グローバル女優 2025"
2026-05-13,HABA（ハーバー研究所）,スキンケア,TikTok,https://www.tiktok.com/@haba_shortdrama_2025,縦型ショートドラマ,"「大女優VS本物」萬田久子×こねこフィルムコラボ全4話。総再生2400万回突破。ブランドイメージキャラクター34年の萬田久子主演のドラマ形式×商品訴求の先進事例。2025年10月16日公開",萬田久子,"縦型ショートドラマ 無添加 ブランドストーリー TikTok 2400万再生"
2026-05-13,HABA（ハーバー研究所）,スキンケア,スペシャルサイト,https://haba-shortdrama-2025.com/,縦型ショートドラマ（専用サイト）,"HABA×こねこフィルム縦型ショートドラマ専用サイト。TikTok・Instagram・YouTube三プラットフォーム展開でマルチSNS配信モデル実証。2026年1月2日より全4話一挙配信",萬田久子,"縦型ショートドラマ マルチプラットフォーム スペシャルサイト 2400万再生"
2026-05-13,資生堂,スキンケア,LINE公式,https://note.shiseidointeractive.com/n/nf8be1e74d785,LINEチャットボット,"SHISEIDO LINE公式（120万フォロワー）に「サポートナビ」チャットボット展開。肌測定BACCデータ連携×AI商品レコメンド。LINE経由売上10%超増加達成",なし,"LINE公式 チャットボット AI 肌測定 パーソナライズ CRM 120万フォロワー"
2026-05-13,ベネフィーク（資生堂）,スキンケア,LINE公式,https://www.shiseido.co.jp/benefique/special/line/,LINE公式アカウント,"資生堂グループのブランド別LINE展開戦略。ベネフィーク専用LINEで新製品・リニューアル情報配信。ブランド別アカウント運用による顧客セグメント管理",なし,"LINE公式 ブランド別 資生堂 スキンケア CRM セグメント"
2026-05-13,ORBIS,メンズスキンケア,Instagram,https://www.instagram.com/orbis_mr/,Instagram（ブランドアカウント）,"ORBIS Mr.専用Instagram。「BRUSH UP ROUTINE」コンセプトでメンズスキンケア習慣化訴求。「男3人バイクの旅」ドラマ形式動画でメンズへの訴求障壁を下げる",なし,"メンズコスメ メンズスキンケア ドラマ形式 ORBIS Mr. Instagram"
2026-05-13,d'Alba（ダルバ）,K-beauty（ヴィーガン）,TikTok,https://www.tiktok.com/@dalba.japan/video/7562131737552227605,縦型ショート（PR）,"「Always glow with d'Alba」ファーストスプレーセラム訴求。プレミアムヴィーガンビューティー×韓国コスメ。インフルエンサーPR主体でオーガニック拡散。スプレーUVが日本急成長",なし（インフルエンサー）,"ヴィーガンビューティー K-beauty スプレーセラム TikTok 新興ブランド"
2026-05-13,d'Alba（ダルバ）,K-beauty（ヴィーガン）,Instagram,https://www.instagram.com/dalba_japan/,Instagram（公式 86K）,"日本公式Instagram 86Kフォロワー。ヴィーガン・天然由来訴求でクリーンビューティー市場開拓。「Premium Vegan Beauty d'Alba di Italy」ポジショニング",なし,"ヴィーガン クリーンビューティー 韓国コスメ Instagram 新興ブランド 86K"
2026-05-13,Medicube（メディキューブ）,K-beauty（スキンケア+美顔器）,TikTok Shop,https://shop.tiktok.com/us/k/medicube-japan,TikTok Shop,"TikTok Shop展開でPDRNアイテム・美顔器を直販。インフルエンサー×ライブコマースモデル採用。メガ割キャンペーン展開でZ世代への浸透が顕著",なし（インフルエンサー経由）,"TikTok Shop K-beauty 美顔器 PDRN ライブコマース 直販"
2026-05-13,Medicube（メディキューブ）,K-beauty（スキンケア）,Instagram,https://www.instagram.com/medicube_officialjapan/,Instagram（公式 117K）,"日本公式Instagram 117Kフォロワー。スキンケア＋美顔器のマルチカテゴリー展開。PDRNピンククリームがTikTokバイラル継続",なし,"K-beauty 美顔器 PDRN スキンケア Instagram 117K"
2026-05-13,Drunk Elephant（ドランクエレファント）,スキンケア（米国）,参考情報,https://www.fashionsnap.com/article/2025-05-20/drunkelephant-japan-close/,市場撤退事例,"資生堂傘下で2021年日本上陸→2025年6月末に日本事業終了。欧米市場集中へ戦略転換。セフォラ・伊勢丹・@cosme等から撤退。グローバルブランドの日本市場参入失敗事例",なし,"市場撤退 グローバルブランド 資生堂 失敗事例 2025"
2026-05-13,ウテナ,スキンケア,YouTube（削除済）,https://www.itmedia.co.jp/news/articles/2605/07/news075.html,生成AIアニメ広告（削除済）,"「潤い戦士モイスチャー」全編AI生成アニメがセーラームーン酷似と批判→YouTube削除・JR山手線等交通広告撤去・公式謝罪（2026年5月）。法的問題ではなくファン心情・文化的配慮の欠如が原因",なし,"生成AI 炎上 削除 著作権類似 セーラームーン コンプライアンス 2026"
2026-05-13,CeraVe（セラヴィ）,スキンケア（米国）,TikTok,https://jp.prnasia.com/story/107511-3.shtml,TikTok×スーパーボール統合キャンペーン,"「Michael CeraVe」キャンペーン。TikTok上の自然発生的噂をブランドがセルフパロディ化。俳優マイケル・セラ×TikTokスター×皮膚科医の三者起用。Cannes Lions受賞。インフルエンサーファースト×マスメディア統合の完全モデル",Michael Cera（俳優）,"TikTok グローバル スーパーボール Cannes受賞 インフルエンサーファースト 皮膚科医"
2026-05-13,rom&nd（ロムアンド）,K-beautyメイク,Instagram,https://www.instagram.com/romand_jp/,Instagram（公式 351K）,"日本公式Instagram 351Kフォロワー。「ソンス ポップアップ 2025」等で日本市場拡大継続。新製品「SNS話題アイテムの日本上陸」訴求でZ世代獲得強化",なし,"K-beauty メイク Instagram ポップアップ 351K Z世代 日本展開"
2026-05-13,MISSHA（ミシャ）,K-beautyメイク,コラボ限定（X告知）,https://www.sanrio.co.jp/news/goods/ku-missha-20250326/,コラボ限定品告知,"MISSHA×KUROMIクッションファンデーションをPPIHグループ限定発売（2025年3月）。サンリオIPコラボ×ドン・キホーテ独占販売でZ世代女性へリーチ。インバウンド向け訴求も兼ねたIPコラボ戦略",なし,"K-beauty コラボ KUROMI サンリオ ドンキ 限定 Z世代 インバウンド"

2026-05-15,JILL STUART Beauty,メイク,公式LP,https://www.jillstuart-floranotisjillstuart.com/site/s/newitem_2605_something_pure_blue.aspx,LPキービジュアル,"「Something Pure Blue」2026年5月22日発売限定コレクション。ブライダルSomething Blueコンセプト×青い鳥モチーフ。淡ブルー×透明感ビジュアルで20周年ブランドを演出",なし,"Something Pure Blue ブライダル ブルー 限定 透明感"
2026-05-15,JILL STUART Beauty,メイク（20周年）,公式LP,https://www.jillstuart-floranotisjillstuart.com/site/s/20250704_20th_aniversary.aspx,LPキービジュアル（アニバーサリー）,"ブランド20周年記念コレクション特設LP。「Dress Up with Bloom」テーマで花のエッセンス×ジュエリーボックス発想のアイカラーパレット等を展開",なし,"20周年 アニバーサリー フローラル ジュエリーボックス 限定"
2026-05-15,SUQQU,ラグジュアリーメイク,公式LP,https://www.suqqu.com/ja/lp/spring-color-collection-2026,LPキービジュアル（春コレクション）,"「桜梅桃李」テーマ2026春カラーコレクション（1月23日発売）。桜・梅・桃・李それぞれの個性を肯定する哲学×淡いグラデーションビジュアル。伊勢丹新宿限定色あり",なし,"桜梅桃李 春コレクション ラグジュアリー フローラル 伊勢丹限定"
2026-05-15,SUQQU,ラグジュアリーメイク,公式LP,https://www.suqqu.com/ja/lp/summer-collection-2026,LPキービジュアル（夏コレクション）,"2026サマーコレクション特設LP。シグニチャーカラーアイズ等の新色展開。スック特有の引き算美学×クリーンバックグラウンドのラグジュアリービジュアルトーン",なし,"サマーコレクション ラグジュアリー ミニマル 引き算美学"
2026-05-15,RMK,メイク,公式LP,https://www.rmkrmk.com/lp/2026_ss/,LPキービジュアル（春コレクション）,"「Blooming Echoes」テーマ春コレクション（2026年1月9日発売）。ノスタルジックヘイジーパステルで春の情景を表現。リキッドアイシャドウ等の新製品LP",なし,"Blooming Echoes 春コレクション パステル ノスタルジック ヘイジー"
2026-05-15,LUNASOL,メイク（カネボウ）,公式LP,https://www.lunasol-official.com/lp/collection/26_01,LPキービジュアル（春コレクション）,"「SEASON OF AIR 変化のとき」2026春コレクション（1月16日発売）。澄んだ空気に春の気配が混じる光の情景×ベージュ4色展開のカラーコレクション8色構成",なし,"Season of Air 春コレクション ベージュ ルナソル 変化"
2026-05-15,ALBION,スキンケア,公式LP（年間キャンペーン）,https://www.albion.co.jp/seasonal/cp/20260101cp/,LPキービジュアル（年間キャンペーン）,"アルビオン キャンペーン2026（1月1日〜）。1万4300円以上購入でマスターピースコレクション2026プレゼント。ブランドシグネチャーカラー×プレミアムビジュアルトーン",なし,"キャンペーン プレミアム ギフト スキンケア 年間 2026"
2026-05-15,THREE,スキンケア・メイク,公式キャンペーンページ,https://www.threecosmetics.com/brand/news/spring-collection-2026,LPキービジュアル（春コレクション）,"「SCENTS OF DISTANCE—蒸気するアイデンティティ—」2026春コレクション（1月1日発売）。紅茶シーン着想のカラー×香り。蒸気と深みを表現したスモーキービジュアル",なし,"SCENTS OF DISTANCE 春コレクション 紅茶 アロマ ウェルネス"
2026-05-15,HAKU（資生堂）,スキンケア（美白）,公式LP,https://www.shiseido.co.jp/haku/program2026/,LPキービジュアル（年間プログラム）,"「継続実感プログラム2026」特設LP。美白美容液21年連続1位訴求×神崎恵スペシャルコンテンツ。ホワイト基調ミニマルビジュアルで医薬部外品シミ予防科学を訴求",神崎恵,"美白 シミ予防 継続プログラム ミニマル 21年連続1位"
2026-05-15,ETVOS,メイク（D2C）,Instagram,https://www.instagram.com/etvos.jp/,Instagram公式（夏コレクション静止画）,"「Sugared Twilight」2026夏コレクション（5月1日発売）。砂糖をまぶしたような繊細なきらめき×儚い夏の夕暮れカラー。ミネラルコスメD2Cブランドの季節静止画ビジュアル訴求",なし,"Sugared Twilight 夏コレクション ミネラルコスメ D2C きらめき"
2026-05-15,SNIDEL BEAUTY,メイク,公式LP,https://snidelbeauty.com/Page/Lp/SB_2026SSCollection/,LPキービジュアル（SS2026）,"2026 SS コレクション特設LP。マッシュHD傘下のファッション×コスメ融合ブランド。モード雑誌的アプローチのビジュアルトーン×テイラードカラーアイズ等展開",なし,"SS2026 ファッション×コスメ モード テイラード マッシュHD"
2026-05-15,innisfree,K-beauty スキンケア,OOH（交通広告）,https://space-media.jp/news/detail/5089/,交通広告ビジュアル（渋谷駅大型掲出）,"ブランドアンバサダーMINGYU（SEVENTEEN）起用の渋谷駅大型交通広告。新製品「Vita C Green Tea Enzyme Bright Serum」訴求。K-POPアンバサダー×大型OOH展開事例",MINGYU（SEVENTEEN）,"K-beauty OOH 渋谷 交通広告 MINGYU SEVENTEEN アンバサダー"
2026-05-15,Anua,K-beauty スキンケア,OOH（ポップアップイベント）,https://prtimes.jp/main/html/rd/p/000000049.000126707.html,ポップアップイベントビジュアル,"「ビタミン美容液発想のUVケア」渋谷ロフトポップアップ（2026年4月25日〜5月10日）。UVカメラ体験+ラッキードロー構成。体験型OOH×SNS連動複合キャンペーン",なし,"K-beauty UV ポップアップ 体験型 渋谷ロフト 2026"
2026-05-15,COSME DECORTE,スキンケア（美容液）,OOH（バス広告キャンペーンサイト）,https://www.decorte.com/site/s/liposome_campaign_2026bus.aspx,OOHキャンペーンサイト（ロンドンバス）,"DECORTÉ×大谷翔平 ロンドンバスキャンペーン（2026年3月5〜29日）。東京〜大阪を巡る特別仕様バスにビジュアル展開。X/Instagram UGC創出型 #大谷ロンドンバス キャンペーン",大谷翔平,"大谷翔平 OOH ロンドンバス UGC体験型 グローバルアスリート 2026"
2026-05-15,COSME DECORTE,スキンケア（美容液）,公式特設サイト,https://www.decorte.com/site/s/liposome_ohtani.aspx,キャンペーン特設サイトビジュアル,"DECORTÉ×大谷翔平 リポソーム美容液特設サイト。「未来を約束する一滴。」コピー。男性アスリート×ラグジュアリースキンケアの2年目継続起用でブランドアセット蓄積",大谷翔平,"大谷翔平 美容液 特設サイト グローバルアスリート 継続起用"
2026-05-15,Laneige,K-beauty スキンケア,公式ECサイト,https://jp.laneige.com/collections/water-bank-blue-hyaluronic,ECサイトビジュアル（日本展開）,"Water Bankシリーズ 日本公式EC。2026年5月新発売「Water Bank UV Barrier Sunscreen」含む日本展開コレクション。みずみずしいブルー基調×30年研究訴求ビジュアル",なし,"K-beauty Water Bank UV 日本展開 スキンケア ブルーヒアルロン"
2026-05-15,SK-II,スキンケア,公式プレスリリース（春キャンペーン）,https://prtimes.jp/main/html/rd/p/000000081.000064854.html,キャンペーンビジュアル（桜限定品）,"「毎朝、素肌が理想のファンデに」春キャンペーン。桜モチーフ日本限定フェイシャルエッセンス×綾瀬はるか。10年前のメイクとの対比で素肌キービジュアルを訴求",綾瀬はるか,"素肌訴求 桜限定 春キャンペーン 綾瀬はるか PITERA 10年比較"
2026-05-15,Tatcha,スキンケア（J-beauty・米国発）,Instagram（公式）,https://www.instagram.com/tatcha_jp/,Instagram公式（2026年国内展開）,"「Longevity Collection」日本展開。@cosme TOKYO限定コーナー（4月29日〜5月26日）。ユニリーバ傘下のJ-beauty米国発ブランドが日本市場訴求を強化するフォトビジュアル展開",なし,"J-beauty ロンジェビティ @cosme TOKYO 和テイスト 米国発 2026"
2026-05-15,COFFRET D'OR（コフレドール）,メイク（廃止ブランド・競合分析）,市場事例,https://www.wwdjapan.com/articles/1789070,ブランド廃止事例,"カネボウ「コフレドール」2024年12月末ブランド終了（17年の歴史）。韓国コスメ台頭+プチプラ競争激化+ブランド投資集中化（KATEへ）が要因。競合環境変化の重要参照事例",なし,"ブランド廃止 競合環境 韓国コスメ台頭 市場撤退 カネボウ 2024"
2026-05-15,COSME DECORTE,スキンケア（美容液）,AR体験型OOH,https://media-radar.jp/mediapicks/news/decorte-promotion-2026,体験型ARビジュアル（大谷翔平等身大AR）,"DECORTÉ×大谷翔平 体験型ポップアップ。ARで等身大大谷翔平が出現するスマートフォン連動フォトスポット展開。3D肌分析×AR×ポップアップ統合のデジタルOOH先進事例",大谷翔平,"AR 体験型OOH デジタル×リアル統合 フォトスポット 2026"
2026-05-15,EMCIFY（AI制作事例）,コスメ広告制作（新手法）,noteメディア,https://note.com/emc_ai_lab/n/nab7f16f65b3f,AI生成ビジュアル広告（手法紹介）,"「撮影なしで作るAI CM」コスメ・D2C向け新制作手法。Midjourney+Gemini+KlingAI組み合わせで実写1/5〜1/10コスト実現。2026年のコスメ広告制作トレンドとして普及傾向",なし,"AI生成 AIビジュアル 撮影不要 D2C コスト削減 新手法 2026"
2026-05-15,@cosme（市場トレンド）,コスメデザイントレンド,市場レポート,https://www.cosme.net/bestcosme/articles/2025-next-trend/,デザイントレンドレポート,"2026年上半期トレンド「超キラメロコスメ」。繊細パール入りシャドウ×ちゅるんと光を集めるリップが主流。Y2K後継のグリッター回帰×透明感の複合デザイントレンドとして確立",なし,"超キラメロ グリッター パール トレンド 2026 デザイントレンド"
2026-05-16,POLA（ポーラ）,スキンケア（美白）,公式LP,https://www.pola.co.jp/special/p/ws/facial-serum/,LPキービジュアル（美白美容液）,"「美白も美肌も目指す、全顔美容液」。ルシノール®メラニンロック×3種有効成分×7種ポーラ独自成分配合。ホワイト基調ミニマルLP。真皮メラニン先手ケアの新訴求軸でホワイトショットブランドを刷新",なし,"ホワイトショット 美白 全顔美容液 ミニマル LP 2026"
2026-05-16,POLA（ポーラ）,スキンケア（美白）,公式ニュースリリース,https://www.pola.co.jp/about/news/20251121-01/index.html,リリースビジュアル（美白ローション）,"「かぎりなく、ふきとばせ」コピー。ホワイトショット クリアスキンローション2026年2月1日発売。メラニン排出促進×ふきとり型美白ローションの新カテゴリー提案。既存化粧水との明確差別化訴求",なし,"ホワイトショット 美白ローション ふきとり 新訴求 排出 2026"
2026-05-16,POLA（ポーラ）,スキンケア（クレンジング）,公式LP（B.A）,https://pola.co.jp/brand/ba/special/cleansing,LPキービジュアル（B.Aクレンジング新製品）,"「洗うたび、うるおいのある透き通るような全域ハリ肌を目指す」。2026年3月1日発売 B.A クレンジングクリーム・ウォッシュ。EGクリアエクストラクトEX配合×デスモゾーム着目成分訴求。B.Aラインに洗顔ステップ追加で体系完結",なし,"B.A クレンジング 新製品 デスモゾーム 成分訴求 ハリ肌 2026"
2026-05-16,BANILA CO（バニラコ）,K-beautyリップ,プレスリリース,https://prtimes.jp/main/html/rd/p/000000176.000016416.html,限定コラボ品ビジュアル（ドンキ独占）,"ドン・キホーテ×バニラコ初の日韓共同開発「ボリュームリッププランマー B01マキシブラック」2026年4月発売。5種パール×透明ブラックリップ。K-beautyの日本流通チャネル現地化戦略の先進事例。数量限定",なし,"K-beauty リップ ドンキ共同開発 日本限定 黒リップ 現地化 2026"
2026-05-16,By ttt.（本田翼プロデュース）,D2Cメイク・スキンケア,Instagram,https://www.instagram.com/by_ttt_/,Instagram公式（タレントプロデュースブランド）,"本田翼フルプロデュース「バイティースリー」。CLEAR SUN STICK・CLEAR DAILY CUSHION等展開。「This is The Truth」コンセプト。公式Instagram 24Kフォロワー。俳優→プロデューサーへの越境ブランドモデル",本田翼,"タレントプロデュース D2C インフルエンサーブランド Instagram 本田翼 コスメ"
2026-05-16,HERA（ヘラ）,韓国ラグジュアリーメイク,プレスリリース,https://prtimes.jp/main/html/rd/p/000000294.000021350.html,キャンペーンビジュアル（K-POPアンバサダー）,"「LET YOUR GLOW SPEAK」テーマ。フィリックス（Stray Kids）グローバルアンバサダー起用。ブラッククッションファンデ×限定色ヌードグロス「#415 Brownie Boy」同時リリース。K-POP×ラグジュアリーの成立事例。2025年8月公開",Stray Kids フィリックス,"K-beauty ラグジュアリー クッションファンデ K-POPアンバサダー Stray Kids グロス 2025"
2026-05-16,rom&nd（ロムアンド）,K-beautyメイク（リップオイル）,ポップアップイベント,https://prtimes.jp/main/html/rd/p/000000300.000076505.html,体験型ポップアップビジュアル（10周年）,"「ロムアンド商事〜ジューシーフラッシュ営業部〜」2026年4月11-13日ラフォーレミュージアム原宿。ブランド創設10周年記念。00年代ピンクオフィス空間×コスメオタク「出勤」体験コンセプト。ジューシーフラッシュリップオイル新発売連動",なし,"K-beauty 10周年 ポップアップ 00年代 体験型 ラフォーレ原宿 2026"
2026-05-16,@cosme（アットコスメ）,コスメEC（市場イベント）,ECサイト,https://www.cosme.com/campaign/specialweek/,ECキャンペーンバナー（SPECIAL WEEK 2026）,"@cosme SPECIAL WEEK 2026年6月1日-7日開催。ポイントバック・限定アイテム・サンプルギフト構成。日本最大コスメECの季節イベント。コスメ各社がバナー広告・特集ページを集中投下する最重要EC広告機会",なし,"ECバナー スペシャルウィーク @cosme 季節イベント 2026"
2026-05-16,Anua（アヌア）,K-beautyスキンケア,交通広告（渋谷駅）,https://kosodate-and.net/oohashi-anua-shibuya/,大型交通広告（渋谷駅地下通路）,"なにわ男子・大橋和也を日本版イメージキャラクターに起用。渋谷駅地下通路A0出口付近掲出。「優しく強くアヌア」コピー×1週間ケアシリーズ訴求。K-beautyが日本アイドル起用でOOHを積極展開するローカライズ事例",大橋和也（なにわ男子）,"K-beauty OOH 渋谷駅 大型広告 なにわ男子 日本アイドル ローカライズ"
2026-05-16,Anua（アヌア）,K-beautyスキンケア,交通広告（大阪梅田）,https://kosodate-and.net/oohashi-anua-osaka/,大型交通広告（大阪梅田地下街）,"大橋和也起用の大阪梅田地下街巨大広告。東京・大阪二都市同時展開で全国訴求強化。K-beautyブランドが日本主要都市OOHを積極展開する地上波シフト戦略の典型事例",大橋和也（なにわ男子）,"K-beauty OOH 大阪梅田 大型広告 なにわ男子 二都市展開 ローカライズ"
2026-05-16,Anua（アヌア）,K-beauty UV,OOH（渋谷駅周辺）,https://note.com/adbrex_/n/nadde7a2722f1,交通広告ビジュアル（ビタミンUV新製品）,"2026年3月7日確認。ブルー背景×イエロー製品パッケージのコントラスト構成。「ビタミン美容液発想のUVケア」コピー。美容液成分×UV機能の複合訴求でK-beautyがUVカテゴリーに参入する新訴求軸",なし,"K-beauty UV ビタミン OOH ブルー×イエロー 新訴求軸 2026"
2026-05-16,THREE（スリー）,スキンケア・メイク（春限定）,公式LP,https://www.threecosmetics.com/brand/news/jubilee-collection-2026,LPキービジュアル（春限定コレクション）,"「HAZY BLOSSOMS」2026年3月3日発売。花曇り×アンニュイグレートーン×桜ピンクのビジュアル構成。100%天然精油フレグランス×マルチカラーバーム展開。REVIVE KITCHEN連動コンテンツで体験拡張",なし,"HAZY BLOSSOMS 花曇り 桜 限定 フレグランス アンニュイ 2026"
2026-05-16,THREE（スリー）,スキンケア（夏）,ファッションプレスリリース,https://www.fashion-press.net/news/145004,リリースビジュアル（夏スキンケアライン）,"「バランシング クリア」2026年5月15日発売4品ライン。深呼吸する精油の香り×徹底洗浄コンセプト。クレンジングオイル・ポイントリムーバー・クリーミーウォッシュ・ジェリーウォッシュ構成。ウェルネス×クレンジングの新訴求",なし,"バランシングクリア 夏スキンケア ウェルネス 精油 クレンジング 2026"
2026-05-16,ELIXIR（エリクシール）,スキンケア,X（Twitter）,https://x.com/elixir_TW/status/1906904362141794717,X静止画投稿（春新ビジュアル）,"石田ゆり子「新ビジュアル公開中🌸」2026年4月投稿。透明感×ハリ「つや玉」肌の継続訴求。春の環境変化×ご褒美スキンケアの季節文脈設計。長期アンバサダー起用によるブランドビジュアルアセット蓄積モデル",石田ゆり子,"エリクシール 石田ゆり子 春ビジュアル X静止画 透明感 つや玉 2026"
2026-05-16,ELIXIR（エリクシール）,スキンケア,X（Twitter）,https://x.com/elixir_TW/status/1939519273065447616,X静止画投稿（夏新ビジュアル）,"石田ゆり子 2026夏の新ビジュアル予告。シーズン別ビジュアル更新でフレッシュ感と長期認知を両立する資生堂ブランドアンバサダー戦略の典型。継続起用でスキンケア訴求を安定維持",石田ゆり子,"エリクシール 石田ゆり子 夏ビジュアル X静止画 長期起用 2026"
2026-05-16,CLIO（クリオ）,K-beautyメイク（アイシャドウ）,Instagram,https://www.instagram.com/p/DUvDmoRCIVo/,Instagram静止画（パレットビジュアル）,"Pro Air Eye Palette #22「Sugar Afternoon」。茶・ヌード・ピーチ・ピンク12色構成。グリッター・ウェットグリッター・シマー・マット混在。K-beautyアイシャドウの季節テーマ×パレットビジュアル訴求スタイル",なし,"K-beauty アイシャドウ パレット グリッター Sugar Afternoon Instagram 2026"
2026-05-16,Beauty of Joseon（ビューティーオブジョソン）,韓国コスメ（スキンケア）,@cosmeキャンペーンページ,https://www.cosme.net/brands/127424/tieup/127424202602-01/page.html,ECキャンペーンバナー（@cosme）,"2026年2月25日-3月10日 @cosmeメンバー向けキャンペーン。グローバルTikTokバイラル実績を日本EC展開へ転換。Olive Young UV18ヶ月1位実績を訴求軸に日本最大コスメECへ積極出稿",なし,"K-beauty @cosme キャンペーン ECバナー UV 2026"
2026-05-16,SHISEIDO（資生堂）,メイク（フェイスカラー）,公式情報ページ,https://www.cosme.net/matome/I0023944/,リリースビジュアル（春夏新製品）,"「カラー＋グロウ エンハンサー」2026年3月1日発売。天然石カラーインスパイア9色展開。パウダーなのにしっとり×内側にじみ出る発色×ツヤ感訴求。SHISEIDOの「肌づかいメイク」ポジショニング強化",なし,"資生堂 フェイスカラー グロウ エンハンサー 天然石 春夏 2026"
2026-05-16,POLA（ポーラ）,スキンケア（美白）限定品,公式ECサイト,https://www.pola.co.jp/ec/products/g-S25051/,ECサイトバナー（数量限定セット）,"ホワイトショット「アフターサマーキット」2026年5月1日数量限定発売13,200円。フェイシャルセラム本品含む美白キットセット構成。オンラインストア限定EC戦略で希少性演出",なし,"ホワイトショット 限定キット EC 数量限定 シーズン 2026"
2026-05-16,rom&nd（ロムアンド）,K-beautyメイク,期間限定旗艦店（原宿）,https://www.fashionsnap.com/article/2025-05-28/romand-flagship-harajuku/,期間限定旗艦店ビジュアル空間,"PINK OFFICE 原宿旗艦店（2025年5月20日-7月31日）。200種以上試せる体験型。ソンス旗艦店に次ぐ第2号実店舗。ピンク空間×体験重視のイマーシブストア展開でブランド世界観を立体化",なし,"K-beauty 旗艦店 原宿 体験型 PINK OFFICE イマーシブ 2025"
2026-05-17,HAKU（資生堂）,スキンケア（美白）,特設サイト,https://www.shiseido.co.jp/haku/bihakudo21/,特設サイトビジュアル,"「#神崎恵の美白道21年」スペシャルインタビュー特設サイト。美白美容液21年連続1位達成記念。神崎恵が1998〜2026年の美白ルーティンを語るインタビュー×静止画コンテンツ。2026年2月20日公開。HAKUのX公式（@haku_shiseido）でも拡散。SNS連動型コンテンツマーケティング",神崎恵,"美白 特設サイト コンテンツマーケティング 21年連続1位 神崎恵 HAKU 2026"
2026-05-17,Paula's Choice（ポーラズチョイス）,スキンケア（欧米）,公式LP,https://www.paulaschoice.jp/newcomer-campaign,LPキービジュアル（newcomer-campaign）,"日本上陸newcomer-campaign。「まずはここから始めよう」ステップ別スターターLP。BHAリキッドエクスフォリアント等の看板製品を体験プログラム形式で訴求。脱「映えコスメ」路線のミニマル×科学根拠効能訴求デザイン。欧米ブランドの日本認知構築モデル事例",なし,"欧米 newcomer LP ミニマル 科学訴求 成分 日本展開"
2026-05-17,KANEBO（カネボウ）,ブランドコンテンツ,公式LP,https://global.kanebo.com/ja/lp/contents/hope-interview,LPインタビューコンテンツ（静止画+テキスト）,"「希望のカタチ」各界著名人が自分の中の希望の形を語るインタビューシリーズ。2026年3月27日公開。「I HOPE.」ブランド哲学を静止画×言葉で体現するコンテンツマーケティング戦略。希望を売る化粧品ブランドとしてのポジション確立",複数著名人,"I HOPE. コンテンツマーケティング ブランドストーリー 希望 KANEBO 2026"
2026-05-17,KANEBO（カネボウ）,リップメイク,参加型キャンペーンLP,https://global.kanebo.com/ja/lp/rouge_to_you,参加型LP（投票×静止画）,"「ROUGE to You #みんなで選ぶKANEBO希望のルージュ」第2弾。2026年3月6〜13日投票期間。ルージュスターヴァイブラント秋冬2026限定色の名前をユーザー投票で決定。抽選100名にサンプルセットプレゼント。消費者参加型UGCキャンペーンのLP事例",なし,"参加型キャンペーン UGC 投票 ルージュ 限定色 リップ KANEBO 2026"
2026-05-17,KANEBO（カネボウ）,リップメイク,公式ECキャンペーンサイト,https://global.kanebo.com/ja/lp/contents/campaign-rouge-2603,ECキャンペーンLP（刻印パーソナライズサービス）,"「ROUGE ENGRAVING CAMPAIGN」。ルージュスターヴァイブラント/ルージュスタービーズ購入者へパーソナル名前・メッセージ刻印サービス（最大11文字）。2026年4月3〜27日予約受付。限定ロールポーチ+サンプルギフト同梱。パーソナライゼーション×ラグジュアリーギフト体験でブランドロイヤルティ向上",なし,"パーソナライゼーション 刻印 ルージュ EC限定 ラグジュアリー ギフト KANEBO 2026"
2026-05-17,KANEBO（カネボウ）,スキンケア（クリーム）,公式ティーザーLP,https://global.kanebo.com/ja/lp/teaser_2602,新製品ティーザーLP,"スキンコンダクター（2026年4月10日発売・6600円/60g）のサンプルキャンペーンLP。ベタつきと乾燥の両方に悩む「複雑肌」向けライトウェイトクリーム。脂質変性への科学的アプローチ訴求。2026年2月13日より店頭展開。ティーザー段階からサンプル訴求でトライアル促進",なし,"スキンコンダクター 複雑肌 新製品 ティーザーLP サンプルキャンペーン KANEBO 2026"
2026-05-17,KANEBO（カネボウ）,スキンケア・メイク,公式ECキャンペーンLP,https://global.kanebo.com/ja/lp/3rd_anniversary,記念LPビジュアル（EC3周年特別企画）,"公式オンラインショップ3周年記念特別企画。KANEBOのHOPEを詰め込んだサンプルBOXプレゼント。ECサイト周年をブランドフィロソフィーと統合した記念キャンペーン設計。「I HOPE.」ブランドアセットをEC販促施策へ一貫して浸透させる先進モデル",なし,"KANEBO 3周年 EC周年 記念LP サンプルBOX ブランド一貫性 I HOPE. 2026"
2026-05-17,KANEBO（カネボウ）,リップメイク,公式LPビジュアル（新色告知）,https://global.kanebo.com/ja/lp/pointmake_2401,LPキービジュアル（ルージュスターヴァイブラント新色）,"「2026.1.30 NEW COLORS ROUGE STAR VIBRANT」LP。生命感ラスティングルージュの2026年1月30日新色展開LP。カネボウのフラッグシップリップアイテム継続的カラー拡張戦略。I HOPE.の世界観とルージュの色物語を連動させるビジュアル設計",なし,"KANEBO ルージュスターヴァイブラント 新色LP リップ 生命感 I HOPE. 2026"
2026-05-17,ETVOS（エトヴォス）,メイク（D2C）,公式LP（春夏コレクション）,https://etvos.com/ss/,LPキービジュアル（2026 SSコレクション）,"「Sugared Twilight」2026 SSコレクション公式LP。砂糖をまぶしたきらめき×儚い夏の夕暮れカラーテーマ。ミネラルマルチパウダー新夏色（Fresh Berry/Luminous Pink新色+Luster Sand/Nectar Beige限定色）。2026年5月1日発売。ミネラルコスメD2Cのシーズンビジュアル展開",なし,"Sugared Twilight 夏コレクション SSコレクション LP ミネラルコスメ D2C 2026"
2026-05-17,ETVOS（エトヴォス）,メイク（D2C）,プレスリリース,https://prtimes.jp/main/html/rd/p/000000145.000040925.html,リリースビジュアル（夏コレクション）,"2026年夏コレクション予約開始リリース（4月15日予約〜5月1日発売）。「砂糖をまぶしたような繊細なきらめき×甘さを帯びた夏のトワイライト」コンセプト。D2Cコスメの季節コレクション公式リリースビジュアル発信モデル",なし,"Sugared Twilight リリース D2C 季節コレクション ミネラルコスメ 2026"
2026-05-17,IPSA（イプサ）,スキンケア（化粧水）,特設キャンペーンサイト,https://www.ipsa.co.jp/static/wh/sp/ttra-ipsawithroirom.html,特設サイトキービジュアル（アイドル起用）,"「IPSA with ROIROM」特設サイト。12年ぶりリニューアル「ザ・タイムRアクアe」（2026年4月23日発売）記念。ROIROMを「アクアフレンズ」に起用。「動き続ける。美しさ躍る。」コンセプト×アクアサイエンステクノロジー訴求。IPSA青山でコスチューム展示連動",ROIROM,"IPSA アクアフレンズ ROIROM アイドル起用 化粧水 12年ぶりリニューアル 特設サイト 2026"
2026-05-17,IPSA（イプサ）,スキンケア（化粧水）,プレスリリース,https://prtimes.jp/main/html/rd/p/000000079.000100029.html,リリースキービジュアル（アイドル起用）,"ロングセラー「ザ・タイムRアクア」12年ぶりリニューアル発表。ROIROMをアクアフレンズに抜擢。水分子運動性に着目したアクアサイエンステクノロジー搭載新化粧水×アイドルデュオのフレッシュキービジュアル。Z世代獲得のためのアイドル×スキンケア連動新戦略",ROIROM,"IPSA ザ・タイムR ROIROM 化粧水 リニューアル アイドル Z世代 2026"
2026-05-17,Drunk Elephant（ドランクエレファント）,スキンケア（欧米グローバル）,グローバルキャンペーン,https://cosmeticsbusiness.com/drunk-elephant-shrugs-off-sephora-kids-rebrand,グローバルキャンペーンビジュアル（Instagram刷新）,"「Please Enjoy Responsibly」キャンペーン。2026年1月12日発表。セフォラキッズ時代との決別を宣言しInstagramフィードを全削除・刷新。refined/elevated/strictly intentionalの洗練されたアダルトビジュアルへ転換。科学×ユーモアのブランドパーソナリティ再定義。日本撤退後の欧米市場集中戦略",なし,"グローバルリブランド Instagram刷新 セフォラキッズ脱却 欧米 科学訴求 2026"
2026-05-17,rom&nd（ロムアンド）,K-beautyメイク（アイブロウ）,体験型ポップアップ（@cosme）,https://prtimes.jp/main/html/rd/p/000000211.000076505.html,体験型ポップアップビジュアル,"「EYE CONTACT YOU, HAN ALL」キャンペーン。喜怒哀楽4感情テーマのアイメイクレシピ体験展示。@cosme TOKYO&OSAKA同時開催（2025年8月20〜26日）。ハンオールブロウカラー3新色（Ash Gray/Ash Pink/Ash Beige）1650円連動。感情×アイメイクの独自体験型ビジュアル訴求",なし,"K-beauty アイブロウ 喜怒哀楽 体験型 @cosme 2都市同時 感情テーマ 2025"
2026-05-17,NIVEA（ニベア花王）,UV,プレスリリース,https://prtimes.jp/main/html/rd/p/000000119.000006944.html,リリースビジュアル（UV新フォーマット）,"「ニベアUV ディーププロテクト&ケア」シリーズ初の大型改良（2025年2月8日）+新フォーマット「ミルクミスト」新登場。SPF50+/PA++++・ベタつかない・白くならない。ハニーサックル花エキス×真珠タンパクエキス等美容成分配合UV。「シミ予防UV美容」新カテゴリー構築のリリースビジュアル",なし,"ニベア UV ミルクミスト シミ予防 美容成分配合 新フォーマット 2025"
2026-05-17,PERFECT ONE（パーフェクトワン）,スキンケア（美白オールインワン）,公式LP,https://lp.shinnihonseiyaku.co.jp/promotion/cosme/knspm/,公式LPビジュアル（通販促進型）,"「これっキリで美しく。パーフェクトワン。」コピー。トラネキサム酸+ナイアシンアミドW美白有効成分×オールインワンジェル。新日本製薬の通販マーケティング特化型LP。累計8888万個達成記念キャンペーン連動で実績訴求。公式Instagram @perfectone_info（14K）・@perfectone_focus（21K）でビジュアル展開",なし,"パーフェクトワン 美白 オールインワン 通販型LP 新日本製薬 8888万個 2026"
2026-05-17,SKIN1004（スキンワンオーオーフォー）,韓国コスメ（スキンケア）,OOH（モビリティ広告）,https://ohpner.com/news/20250821,モビリティ広告ビジュアル（タクシー等）,"K-beautyブランドSKIN1004が日本でモビリティ広告を展開（2025年8月〜）。マダガスカルセンテラアシアティカ天然原料×「Pure Earth Beauty」コンセプト。ohpner経由でタクシー等交通メディアに掲出。Instagram 53K・Qoo10公式ショップのオンライン認知をオフラインOOHへ拡張する戦略",なし,"SKIN1004 K-beauty モビリティ広告 OOH タクシー Pure Earth Beauty 2025"
2026-05-17,UZU BY FLOWFUSHI（ウズバイフローフシ）,メイク（アイライナー）,公式ECサイト,https://www.uzu.team/,ECサイトビジュアル（D2C専売移行後）,"2025年9月に全国小売約1万店舗撤退→EC専売に完全移行。アイオープニングライナー25色を1694円→1100円に値下げ。「ビューティーのフェアトレード」コンセプト。EC専売化でクリーンミニマルなブランドビジュアル戦略に集中。流通コスト削減分をブランド価値に還元するD2C新モデル事例",なし,"UZU アイライナー EC専売 D2C 店舗撤退 値下げ ビューティーフェアトレード 2025"
2026-05-17,Fujiko（フジコ）,メイク（D2C）,Instagram（公式）,https://www.instagram.com/fujiko_brand/,Instagram公式（静止画フィード・124K）,"「キレイになるって楽しい」コンセプト。かならぼ製造×抜け感カジュアルビジュアル路線。2026年春 Fujiko Multi Easy Palette 01 Impulse Pink発売等フルメイクライン拡張中。眉ティントブランドからのフルメイクカテゴリー拡張をフィード静止画で訴求",なし,"Fujiko フジコ instagram D2C 眉ティント フルメイク拡張 カジュアル Z世代 2026"
2026-05-17,WHOMEE（フーミー）,メイク（D2C）,公式サイト・Instagram,https://whomee.jp/,LPトップビジュアル（2026夏新作展開）,"イガリシノブプロデュース「フーミー」2026年夏新作展開中。「描くチーク」等ユニーク製品ライン。誰でもプロ仕上げが叶う設計コンセプト×イガリ本人の世界観ビジュアルで「おフェロメイク」を体現。公式Instagram @whomeeigari 継続運営",イガリシノブ,"WHOMEE フーミー インフルエンサーブランド イガリシノブ D2C おフェロメイク 2026"
2026-05-17,2026年コスメ広告トレンド,業界トレンド（広告手法）,業界メディア,https://webtan.impress.co.jp/e/2026/01/16/51984,トレンドレポート（AIペルソナ広告）,"「AIペルソナ」がマーケティングプロセスを劇的加速する2026年予測。コスメ広告でも「主役は実写・脇役はAI」役割分担が定着傾向。AI生成背景・抽象ビジュアル補完が静止画制作コスト削減に直結。ウテナ炎上教訓を受け著作権類似リスク回避の業界的ルール化へ",なし,"AIペルソナ 2026広告トレンド AI生成 コスメ広告 制作効率化 静止画"

# 未探索メモ 2026-05-17:
# 【次回優先調査】
# 1. Weibo: SK-II・POLAの中国向けWeibo展開（アクセス困難・継続調査）
# 2. ニベア @nivea_promo_jp X/Instagram 2026夏UV具体的投稿URL（LP収録済み・SNS静止画未収録）
# 3. Tatcha Longevity Collection @cosme TOKYO ポップアップ（4/29-5/26）具体的展示ビジュアルURL
# 4. innisfree MINGYU（SEVENTEEN）2026年 Instagram静止画具体的投稿URL（OOH収録済み）
# 5. ORBIS Mr. @orbis_mr 2026 具体的Instagram静止画URL（アカウント収録済み・個別投稿URL未取得）
# 6. CeraVe セラヴィ 2026日本展開強化ビジュアル確認（日本本格展開の有無・継続調査）
# 7. COSRX ITZY 2026年最新Instagram静止画具体的投稿URL（公式@cosrx_jp収録済み）
# 8. THREE バランシングクリア 公式threecosmetics.com LP URL直接確認
# 9. Kidamuse（キダムス）日本公式サイト・Instagram URL（ブランド存在確認できず・継続調査）
# 10. IPSA @ipsa_jp 具体的Instagram静止画投稿URL（特設サイト収録済み・SNS投稿URL未取得）
# 11. PERFECT ONE @perfectone_info @perfectone_focus 具体的Instagram静止画個別投稿URL
# 12. Fujiko @fujiko_brand 具体的Instagram静止画投稿URL（アカウント収録済み・個別投稿URL未取得）
# 13. WHOMEE @whomeeigari 2026春夏 具体的Instagram静止画投稿URL（公式サイト収録済み）
# 14. HERA LET YOUR GLOW SPEAK キャンペーン（フィリックス/Stray Kids）Instagram具体的投稿URL（リリース収録済み・SNS未収録）
# 15. b.glen ビーグレン 日本D2C 静止画広告ビジュアル（未収録ブランド）
# 16. CEZANNE セザンヌ 2026 instagram 広告ビジュアル（未収録）
# 17. Visée ヴィセ 2026 instagram LPビジュアル（未収録）
# 18. INTEGRATE インテグレート 2026 ビジュアル（未収録）
# 19. KANEBO LOVE IN COLOR グローバル香港展開ビジュアル（Facebook投稿確認済み・詳細URL未収録）
# 20. rom&nd ソンス旗艦店常設店ビジュアル空間URL（2025年ソウル店→旗艦店展開の流れ）
